timestamp(unix),attitude_roll(radians),attitude_pitch(radians),attitude_yaw(radians),rotation_rate_x(radians/s),rotation_rate_y(radians/s),rotation_rate_z(radians/s),gravity_x(G),gravity_y(G),gravity_z(G),user_acc_x(G),user_acc_y(G),user_acc_z(G)
1482925533.662205,1.602275,0.090977,-1.958658,0.001271,0.083803,-0.039191,0.995371,-0.090852,0.031343,-0.863069,-0.424851,-0.893611
1482925533.681523,1.604200,0.090162,-1.958536,-0.012376,0.118100,-0.035786,0.995382,-0.090039,0.033262,-0.839950,-0.444934,-0.869397
1482925533.700810,1.606358,0.089689,-1.957826,-0.041916,0.102553,-0.008828,0.995350,-0.089568,0.035412,-0.803109,-0.461633,-0.837828
1482925533.720127,1.607472,0.090398,-1.957506,-0.013910,0.034422,0.055659,0.995247,-0.090275,0.036518,-0.786575,-0.433404,-0.837761
1482925533.739445,1.607683,0.092308,-1.955831,-0.146743,0.017856,0.122638,0.995065,-0.092177,0.036721,-0.794592,-0.440031,-0.846592
1482925533.758732,1.607849,0.095999,-1.951463,-0.271390,0.037594,0.233635,0.994712,-0.095851,0.036874,-0.788158,-0.450004,-0.863423
1482925533.778050,1.607862,0.104054,-1.946411,-0.257029,-0.002023,0.499305,0.993908,-0.103866,0.036856,-0.691072,-0.492137,-0.891313
1482925533.797367,1.605126,0.116409,-1.943573,-0.087708,-0.208606,0.782874,0.992646,-0.116146,0.034090,-0.558038,-0.445605,-0.940772
1482925533.816655,1.599297,0.140290,-1.944378,-0.042327,-0.223223,1.360548,0.989773,-0.139830,0.028217,-0.449184,-0.338833,-0.954544
1482925533.835972,1.597884,0.154625,-1.936995,-0.477575,-0.088386,0.700188,0.987706,-0.154010,0.026761,-0.214547,-0.336201,-0.897132
1482925533.855290,1.593711,0.169923,-1.926374,-0.652126,-0.030477,0.730836,0.985339,-0.169107,0.022582,-0.094063,-0.443932,-0.796181
1482925533.874577,1.592585,0.182980,-1.906473,-1.394916,0.160809,0.567214,0.983072,-0.181961,0.021423,-0.011045,-0.608992,-0.697354
1482925533.893895,1.583599,0.191164,-1.867017,-2.345580,-0.270493,0.245748,0.981703,-0.190002,0.012569,0.057288,-0.566119,-0.620588
1482925533.913212,1.565105,0.196274,-1.819615,-2.360972,-0.755917,0.406159,0.980784,-0.195016,-0.005582,0.024413,-0.292747,-0.540052
1482925533.932499,1.531326,0.206012,-1.769773,-2.757447,-1.332999,0.561504,0.978092,-0.204558,-0.038626,-0.043420,-0.221087,-0.790346
1482925533.951817,1.501326,0.212176,-1.701164,-3.817726,-0.469904,0.603001,0.975217,-0.210587,-0.067858,-0.251094,-0.212770,-1.047143
1482925533.971124,1.480538,0.224098,-1.620144,-3.966100,-0.021622,1.128673,0.971026,-0.222227,-0.087882,-0.424339,-0.070199,-1.250088
1482925533.990411,1.470992,0.246285,-1.548804,-3.157939,0.634918,1.752526,0.964999,-0.243803,-0.096632,-0.624080,0.198822,-1.403781
1482925534.009728,1.472303,0.281422,-1.488500,-2.746146,0.912288,2.224529,0.956005,-0.277722,-0.094466,-0.738254,0.259490,-1.476786
1482925534.029046,1.467626,0.318911,-1.429541,-2.424576,0.478306,2.219276,0.944528,-0.313532,-0.097794,-0.800778,0.365761,-1.468990
1482925534.048333,1.464435,0.367208,-1.403641,0.006115,0.097866,2.996129,0.928059,-0.359011,-0.099084,-0.928366,1.004326,-1.561960
1482925534.067651,1.466473,0.431948,-1.423222,1.657889,-0.595029,3.194879,0.903214,-0.418641,-0.094570,-1.068893,1.091004,-1.663792
1482925534.086968,1.455343,0.489030,-1.436037,0.326610,-0.878108,2.672666,0.876912,-0.469769,-0.101695,-1.368526,0.804337,-1.407169
1482925534.106255,1.432856,0.536471,-1.419625,-0.751958,-0.754991,2.504054,0.851353,-0.511106,-0.118186,-1.637949,0.961092,-1.134737
1482925534.125573,1.400378,0.576309,-1.395037,-0.674696,-1.110624,1.925810,0.826333,-0.544933,-0.142201,-1.733195,1.104358,-1.037973
1482925534.144891,1.391119,0.604697,-1.394303,1.368551,0.236201,1.239560,0.809431,-0.568513,-0.147022,-2.045777,1.116647,-1.129181
1482925534.164178,1.456334,0.639949,-1.488234,5.729506,0.439873,0.983352,0.796877,-0.597154,-0.091613,-2.018770,1.410571,-0.913039
1482925534.183495,1.560823,0.652145,-1.655396,7.303051,0.112153,-0.183042,0.794744,-0.606893,-0.007926,-2.109047,1.165824,-0.680367
1482925534.202813,1.659548,0.640227,-1.824814,6.608104,-0.408302,-0.368660,0.798804,-0.597377,0.071082,-2.278185,0.746946,-0.392600
1482925534.222100,1.729456,0.612144,-1.957767,5.295381,-0.328440,-0.909181,0.808139,-0.574623,0.129306,-2.391305,0.453874,-0.273698
1482925534.241418,1.778883,0.574593,-2.061140,4.385059,-0.551554,-1.316589,0.821306,-0.543493,0.173413,-2.207759,0.395000,-0.252523
1482925534.260735,1.803979,0.526653,-2.140820,3.742541,-1.083352,-1.826166,0.841098,-0.502642,0.199763,-2.021798,0.322631,-0.257036
1482925534.280022,1.803934,0.476450,-2.196372,2.609033,-1.506275,-1.947177,0.864588,-0.458627,0.205301,-1.839975,0.261444,-0.222418
1482925534.299340,1.791288,0.431385,-2.227615,1.497189,-1.165261,-2.011779,0.886396,-0.418129,0.198673,-1.696354,0.253657,-0.276983
1482925534.318658,1.780694,0.389607,-2.233978,0.375134,-0.407896,-2.038671,0.904755,-0.379825,0.192745,-1.562396,0.351312,-0.289894
1482925534.337945,1.776792,0.351615,-2.220966,-0.599559,0.318829,-2.078110,0.918969,-0.344415,0.192028,-1.402889,0.385645,-0.237374
1482925534.357262,1.784730,0.314877,-2.189669,-1.232062,1.373681,-2.287472,0.929159,-0.309700,0.201867,-1.279601,0.284391,-0.389942
1482925534.376580,1.820681,0.272024,-2.155114,-1.015939,3.028963,-2.793684,0.933312,-0.268682,0.238199,-1.104768,0.171363,-0.617466
1482925534.395867,1.873800,0.216497,-2.116307,-1.272733,3.268056,-3.412051,0.932164,-0.214809,0.291423,-0.854133,0.154272,-0.649109
1482925534.415185,1.943028,0.172212,-2.069846,-1.593043,4.603133,-2.539448,0.917739,-0.171362,0.358315,-0.534958,0.011698,-0.454666
1482925534.434502,2.030366,0.151532,-2.040649,-0.314051,4.811603,-0.911444,0.885973,-0.150953,0.438479,-0.002249,0.304697,-0.375463
1482925534.453790,2.124233,0.139170,-2.051674,1.181624,4.526217,-0.108180,0.842498,-0.138721,0.520532,0.582819,0.122007,-0.406589
1482925534.473107,2.190702,0.125281,-2.058865,0.277650,2.703405,-0.493794,0.807554,-0.124953,0.576405,0.742869,-0.355986,-0.148886
1482925534.492425,2.229550,0.117709,-2.055357,0.162773,1.773133,-0.463597,0.785284,-0.117437,0.607896,0.663803,-0.421207,-0.197114
1482925534.511712,2.261771,0.102298,-2.046993,0.014392,1.764452,-1.221006,0.766597,-0.102120,0.633957,0.637309,-0.333917,-0.313013
1482925534.531030,2.299605,0.085371,-2.017086,-0.994539,2.201254,-1.887622,0.743252,-0.085268,0.663556,0.806244,-0.351597,-0.527175
1482925534.550347,2.329471,0.077774,-1.971777,-1.615578,1.279349,-1.726233,0.723554,-0.077696,0.685881,1.055763,-0.279543,-0.756909
1482925534.569634,2.334404,0.080074,-1.934110,-1.344007,-0.027271,-0.953237,0.720031,-0.079989,0.689317,0.865197,-0.174512,-0.944682
1482925534.588952,2.323957,0.089692,-1.906545,-1.554746,-0.586832,-0.510827,0.726598,-0.089572,0.681199,0.413615,-0.318767,-1.013295
1482925534.608270,2.302641,0.107632,-1.869767,-2.319240,-1.169096,-0.718518,0.739638,-0.107425,0.664376,-0.019453,-0.435241,-0.844962
1482925534.627557,2.266406,0.129161,-1.817681,-3.065929,-1.730527,-1.034359,0.761269,-0.128802,0.635515,-0.292932,-0.385755,-0.746362
1482925534.646874,2.220042,0.155721,-1.750228,-3.884327,-2.004813,-1.026974,0.786902,-0.155093,0.597270,-0.327926,-0.186171,-0.851341
1482925534.666192,2.162159,0.194522,-1.676165,-4.329086,-2.561648,-0.243073,0.814525,-0.193298,0.546978,-0.142214,0.117844,-1.113487
1482925534.685479,2.092359,0.241337,-1.606655,-4.191587,-2.942105,0.498457,0.841914,-0.239001,0.483797,0.056536,0.442637,-1.514798
1482925534.704797,2.020986,0.293936,-1.537100,-4.509341,-2.562160,0.891028,0.861748,-0.289722,0.416474,-0.005571,0.585782,-1.561038
1482925534.724114,1.949972,0.350103,-1.454695,-5.030411,-2.220917,1.071511,0.872616,-0.342994,0.347701,-0.127579,0.606050,-1.317285
1482925534.743401,1.870454,0.397950,-1.360219,-5.199880,-2.500514,0.680626,0.880777,-0.387529,0.272126,-0.061017,0.593010,-1.138883
1482925534.762719,1.772489,0.434983,-1.260299,-4.919214,-3.264148,0.715475,0.888494,-0.421395,0.181673,0.088890,0.725859,-1.166706
1482925534.782037,1.659134,0.465144,-1.164475,-4.525220,-3.905970,0.996972,0.890272,-0.448552,0.078850,0.070739,0.732978,-1.248115
1482925534.801324,1.536918,0.489834,-1.062130,-5.003195,-3.849910,1.296287,0.881905,-0.470479,-0.029889,-0.084743,0.688125,-1.093594
1482925534.820641,1.404620,0.507931,-0.936802,-5.874369,-3.626799,1.623152,0.861716,-0.486371,-0.144530,-0.208779,0.762861,-0.729852
1482925534.839959,1.273078,0.516149,-0.803498,-5.394668,-3.337826,1.831314,0.831466,-0.493534,-0.255125,-0.192774,0.936044,-0.707423
1482925534.859277,1.158227,0.516359,-0.697388,-4.022246,-3.186670,1.558619,0.796656,-0.493717,-0.348687,-0.182822,1.348646,-0.793206
1482925534.878564,1.058454,0.514536,-0.611604,-3.203748,-2.782997,1.659696,0.758745,-0.492131,-0.426747,-0.314773,1.663777,-0.894566
1482925534.897881,0.984739,0.510928,-0.543922,-2.414330,-1.621839,1.321921,0.726730,-0.488987,-0.482447,-0.456581,1.569120,-0.937765
1482925534.917199,0.944221,0.508070,-0.495248,-1.535033,-0.494441,0.944320,0.707720,-0.486492,-0.512306,-0.443984,1.372895,-0.894057
1482925534.936486,0.924677,0.502074,-0.466538,-1.116403,-0.193693,0.348713,0.699890,-0.481244,-0.527786,-0.437816,1.230431,-0.779657
1482925534.955804,0.913267,0.497483,-0.447541,-0.666699,-0.092039,0.357755,0.695564,-0.477215,-0.537082,-0.458594,1.314090,-0.502400
1482925534.975152,0.905774,0.498895,-0.430660,-0.508611,0.115108,0.652002,0.690989,-0.478456,-0.541862,-0.327359,1.330832,-0.243959
1482925534.994439,0.902035,0.504585,-0.407272,-0.697822,0.613039,1.019890,0.686811,-0.483444,-0.542745,-0.236919,1.074213,-0.102283
1482925535.013757,0.906998,0.514363,-0.377771,-0.716825,1.215677,1.375682,0.685740,-0.491980,-0.536392,-0.193954,0.751991,-0.081891
1482925535.033075,0.922305,0.535994,-0.349577,-0.103517,1.688297,1.880589,0.685227,-0.510696,-0.519283,-0.133380,0.680890,-0.045009
1482925535.052361,0.945668,0.574028,-0.318489,0.097551,2.320712,2.707804,0.680919,-0.543019,-0.491406,0.005246,0.846684,0.087343
1482925535.071679,0.974818,0.624565,-0.274388,-0.155712,3.132080,3.528991,0.671364,-0.584744,-0.455352,0.190031,0.894113,0.231787
1482925535.090997,1.013488,0.686293,-0.214549,-0.307024,4.383507,4.292485,0.656540,-0.633674,-0.409160,0.487839,0.901331,0.098732
1482925535.110284,1.080070,0.768366,-0.164135,1.063379,5.703667,4.874300,0.634193,-0.694961,-0.338863,0.811483,0.834955,-0.210560
1482925535.129601,1.202153,0.875086,-0.160090,2.867671,6.840314,5.210251,0.597871,-0.767599,-0.230960,0.992818,0.881382,-0.293087
1482925535.148919,1.386067,0.992413,-0.216308,3.384325,7.225688,5.535879,0.537370,-0.837347,-0.100413,1.237246,0.955376,-0.103914
1482925535.168206,1.591077,1.111324,-0.298787,2.123883,6.708265,6.126083,0.443384,-0.896286,0.008993,1.921742,0.919612,-0.199686
1482925535.187524,1.804306,1.228673,-0.387370,0.283074,7.062420,6.314334,0.326383,-0.942044,0.077630,2.575931,0.848152,-0.666233
1482925535.206841,2.061957,1.353163,-0.502549,-1.185589,7.814636,6.786848,0.190395,-0.976411,0.101839,3.056073,1.005043,-0.921954
1482925535.226129,2.719653,1.466218,-1.014705,-1.372214,7.680465,7.080338,0.042751,-0.994537,0.095234,3.516732,1.052432,-0.892874
1482925535.245446,-2.047889,1.451444,-2.408852,-2.192267,5.795281,7.211526,-0.105773,-0.992886,0.054676,3.828902,1.114567,-0.649913
1482925535.264764,-1.523677,1.323397,-2.847535,-2.893448,4.295856,7.163845,-0.244612,-0.969553,-0.011534,3.821448,1.226848,-0.715511
1482925535.284050,-1.312808,1.179141,-2.992524,-3.911757,3.452599,6.889021,-0.369085,-0.924279,-0.097390,3.669149,1.334480,-0.702377
1482925535.303369,-1.175528,1.030245,-3.086497,-4.731090,2.395311,6.300955,-0.474929,-0.857425,-0.198153,3.431484,1.137529,-0.772131
1482925535.322686,-1.087042,0.888182,3.121908,-5.409852,0.506588,5.259766,-0.558439,-0.775926,-0.293400,3.089588,0.970914,-0.416622
1482925535.341974,-1.049689,0.753904,3.031645,-6.674352,-2.609193,4.195484,-0.632258,-0.684490,-0.362937,2.838173,1.018260,-0.120653
1482925535.361290,-1.055484,0.622486,2.924465,-7.278772,-4.303791,3.507166,-0.706928,-0.583056,-0.400372,2.459114,1.244850,-0.263819
1482925535.380609,-1.083420,0.503138,2.812621,-7.120828,-4.494813,2.697295,-0.774068,-0.482177,-0.410274,2.106019,1.307912,-0.541308
1482925535.399895,-1.120348,0.413052,2.692658,-7.214432,-4.933979,0.895226,-0.824541,-0.401407,-0.398755,1.929784,1.252904,-0.560679
1482925535.419214,-1.177104,0.360567,2.549370,-7.461384,-6.097306,-1.104235,-0.864115,-0.352805,-0.358934,1.892130,1.347955,-0.536105
1482925535.438530,-1.248585,0.357820,2.400261,-6.311896,-6.473553,-3.236826,-0.888459,-0.350233,-0.296608,1.740518,1.762324,-0.406026
1482925535.457818,-1.319651,0.418866,2.261338,-5.323322,-6.200403,-6.044060,-0.884891,-0.406725,-0.227030,1.732887,2.434294,-0.511852
1482925535.477135,-1.381887,0.532483,2.156337,-2.361081,-5.328613,-7.309501,-0.846222,-0.507674,-0.161789,2.009357,2.759621,-0.861395
1482925535.496454,-1.446701,0.686236,2.113314,0.362602,-4.109911,-8.464268,-0.767687,-0.633630,-0.095759,2.165567,2.995953,-0.698458
1482925535.515741,-1.530822,0.857418,2.126720,1.646200,-4.076421,-9.166574,-0.653868,-0.756156,-0.026152,2.299263,2.819410,-0.239844
1482925535.535058,-1.695493,1.045742,2.219513,2.655203,-4.645186,-10.152493,-0.497367,-0.865297,0.062344,2.229522,2.413356,-0.042026
1482925535.554376,-2.014414,1.220045,2.477683,3.223799,-4.173876,-10.129342,-0.310344,-0.939115,0.147478,1.969872,2.056536,0.240701
1482925535.573663,-2.716003,1.305847,3.125046,4.467627,-4.195616,-10.150966,-0.108110,-0.965106,0.238500,1.668747,1.809687,0.369469
1482925535.592981,2.883237,1.210900,-2.514997,5.994001,-2.980934,-9.360024,0.089978,-0.935933,0.340489,1.198210,1.580860,0.292262
1482925535.612298,2.616354,1.031886,-2.263710,6.405064,-1.640812,-8.365705,0.257329,-0.858269,0.444023,0.999144,1.270452,0.341977
1482925535.631585,2.504930,0.838917,-2.165820,6.730895,-1.786398,-7.850785,0.397296,-0.743920,0.537345,0.978772,0.886958,0.419144
1482925535.650903,2.421881,0.660652,-2.106175,5.067129,-2.407333,-7.422922,0.520474,-0.613632,0.593770,0.688487,0.574759,0.579364
1482925535.670221,2.343885,0.509033,-2.046384,3.223740,-2.105374,-7.186441,0.625011,-0.487333,0.609810,0.264370,0.291532,0.445519
1482925535.689507,2.295247,0.377914,-1.984142,2.124446,-0.445934,-6.831069,0.696021,-0.368982,0.615960,-0.099767,0.248046,0.157903
1482925535.708825,2.292882,0.261118,-1.927403,1.743723,1.613494,-6.088921,0.724991,-0.258160,0.638546,-0.334660,0.116766,0.102912
1482925535.728142,2.340433,0.164560,-1.875024,1.251820,3.608416,-4.998070,0.708462,-0.163819,0.686473,0.044287,-0.011511,-0.125111
1482925535.747430,2.391223,0.091550,-1.830574,1.082869,2.230433,-3.966456,0.679054,-0.091422,0.728373,0.595748,0.076267,-0.214197
1482925535.766747,2.424177,0.032596,-1.791505,0.743772,2.106353,-3.240190,0.657090,-0.032590,0.753107,0.576482,-0.043125,-0.418664
1482925535.786065,2.482591,-0.006732,-1.756854,0.116018,3.286008,-2.350943,0.612314,0.006732,0.790586,0.832028,-0.085200,-0.695831
1482925535.805352,2.536209,-0.020895,-1.722178,-0.753334,2.281673,-1.488888,0.568953,0.020893,0.822105,1.397542,-0.146848,-0.847454
1482925535.824670,2.567675,-0.012943,-1.705450,-0.806735,1.144373,0.142380,0.542880,0.012942,0.839710,1.995766,-0.151860,-1.093161
1482925535.843987,2.554916,0.012385,-1.707260,-1.320870,-1.885805,0.965800,0.553554,-0.012384,0.832721,2.137060,-0.323211,-0.875114
1482925535.863275,2.488930,0.055550,-1.698862,-2.583281,-4.160987,0.858963,0.606367,-0.055521,0.793244,1.487126,-0.474389,-0.492286
1482925535.882592,2.385898,0.110368,-1.660675,-3.938997,-5.697622,0.009671,0.681621,-0.110144,0.723367,0.720278,-0.414965,-0.158700
1482925535.901910,2.258266,0.168034,-1.594199,-4.716333,-6.222381,-0.135836,0.761969,-0.167245,0.625646,0.250519,-0.004118,-0.136251
1482925535.921196,2.130431,0.215761,-1.526046,-3.749350,-5.717248,0.089410,0.827800,-0.214091,0.518567,0.113781,0.514599,-0.273617
1482925535.940515,2.010548,0.254538,-1.477635,-2.935601,-5.667234,0.917570,0.875702,-0.251798,0.411998,0.362090,1.005573,-0.553502
1482925535.959832,1.881843,0.296615,-1.425388,-3.585238,-5.996660,1.026942,0.910441,-0.292284,0.292690,0.394563,0.983429,-0.797621
1482925535.979125,1.754732,0.336815,-1.341222,-5.080602,-4.500400,1.076687,0.927891,-0.330482,0.172623,-0.105084,0.853009,-1.068289
1482925535.998442,1.657515,0.370260,-1.241065,-4.760027,-2.710731,1.043034,0.928730,-0.361858,0.080741,-0.414997,0.676885,-0.977615
1482925536.017761,1.568539,0.390510,-1.155942,-3.803132,-3.337229,0.747593,0.924713,-0.380660,-0.002087,-0.319085,0.741513,-0.674893
1482925536.037047,1.468489,0.403672,-1.081585,-3.212672,-3.641864,1.009441,0.914816,-0.392798,-0.093920,-0.307829,0.974305,-0.724274
1482925536.056365,1.384938,0.420648,-1.017965,-2.815256,-2.695113,1.468287,0.897104,-0.408352,-0.168681,-0.345061,1.112597,-0.900516
1482925536.075682,1.311671,0.435737,-0.950821,-3.057138,-2.111819,1.401713,0.876293,-0.422079,-0.232292,-0.422147,0.944413,-0.772920
1482925536.094970,1.243877,0.443289,-0.871982,-3.596955,-1.583958,1.542761,0.855501,-0.428913,-0.290089,-0.566060,0.988714,-0.563940
1482925536.114287,1.184392,0.451694,-0.792212,-3.069198,-1.090054,1.800176,0.833374,-0.436490,-0.339064,-0.630522,1.182245,-0.414435
1482925536.133605,1.139223,0.466551,-0.720893,-2.553488,-0.448667,2.138843,0.811233,-0.449809,-0.373594,-0.579811,1.263358,-0.482005
1482925536.152892,1.108472,0.485183,-0.650862,-2.477780,0.406819,2.325135,0.791724,-0.466370,-0.394553,-0.494128,1.194061,-0.599126
1482925536.172210,1.092456,0.504936,-0.578868,-2.413712,1.207167,2.441726,0.776973,-0.483751,-0.402862,-0.425029,1.127923,-0.647130
1482925536.191527,1.088501,0.527628,-0.509812,-2.075002,1.752489,2.509868,0.765449,-0.503485,-0.400737,-0.312043,1.169810,-0.552869
1482925536.210814,1.093233,0.555907,-0.448410,-1.430414,1.881651,2.524650,0.754386,-0.527714,-0.390408,-0.101055,1.415056,-0.414116
1482925536.230132,1.104674,0.587125,-0.402596,-0.941495,1.885524,2.206581,0.743720,-0.553970,-0.374164,0.038603,1.604951,-0.486028
1482925536.249449,1.121159,0.611207,-0.361048,-1.150559,2.254651,1.730071,0.737556,-0.573856,-0.355950,0.103822,1.578768,-0.741406
1482925536.268736,1.149550,0.628733,-0.326265,-0.690052,2.590493,1.278174,0.738070,-0.588120,-0.330706,0.157256,1.407997,-1.052816
1482925536.288054,1.187435,0.647803,-0.309546,-0.017918,2.420116,1.166134,0.739529,-0.603436,-0.298263,0.166764,1.464141,-1.027754
1482925536.307372,1.226821,0.668620,-0.301610,0.019797,2.193409,1.139591,0.738712,-0.619904,-0.264619,0.134374,1.508464,-0.808791
1482925536.326689,1.253955,0.690050,-0.281232,-0.636291,2.026025,1.406304,0.732826,-0.636576,-0.240284,0.292044,1.398205,-0.783625
1482925536.345976,1.274352,0.714608,-0.248854,-0.840075,2.236327,1.708479,0.722403,-0.655321,-0.220654,0.531044,1.200158,-0.850337
1482925536.365294,1.300253,0.745546,-0.217256,-0.629737,2.560489,2.015744,0.707993,-0.678373,-0.196357,0.734875,1.087713,-0.783052
1482925536.384612,1.339872,0.788409,-0.194266,-0.014690,3.072425,2.611298,0.686261,-0.709232,-0.161353,0.932100,1.097787,-0.745174
1482925536.403899,1.404511,0.847219,-0.191222,0.730793,3.707255,3.268123,0.652937,-0.749442,-0.109586,1.045807,1.148591,-0.708564
1482925536.423216,1.493819,0.919270,-0.199688,0.571355,4.676465,3.913088,0.604604,-0.795159,-0.046633,1.168200,1.196673,-0.503346
1482925536.442534,1.595593,1.003370,-0.202281,0.021402,5.309830,4.617228,0.537298,-0.843287,0.013326,1.445423,1.131385,-0.350468
1482925536.461821,1.745440,1.094363,-0.246120,1.222613,6.348551,4.955583,0.451637,-0.888636,0.079687,1.558853,0.927774,-0.602204
1482925536.481139,2.018829,1.187177,-0.386551,1.413705,8.043647,5.834609,0.337338,-0.927316,0.162135,1.876349,0.986804,-0.432260
1482925536.500456,2.418918,1.278027,-0.647867,0.308927,7.707633,6.727818,0.190881,-0.957448,0.216465,2.256070,1.027030,0.114749
1482925536.519744,3.009039,1.335835,-1.110550,-0.232994,7.363111,6.880828,0.030769,-0.972523,0.230763,2.613892,0.952835,0.306090
1482925536.539061,-2.588070,1.312053,-1.659639,-0.208895,8.216120,6.891222,-0.134505,-0.966712,0.217659,3.018844,0.726360,0.369764
1482925536.558379,-2.130990,1.223342,-1.968932,-0.033082,8.326905,6.388981,-0.288460,-0.940243,0.180928,3.368861,0.526082,0.522268
1482925536.577667,-1.850623,1.112665,-2.091860,0.021854,8.943739,6.304066,-0.425071,-0.896880,0.122151,3.575677,0.873382,0.479917
1482925536.596984,-1.624078,0.990243,-2.147946,-0.622027,9.255740,6.524645,-0.547708,-0.836159,0.029210,3.611310,1.089888,0.466853
1482925536.616301,-1.425590,0.866234,-2.172588,-1.288686,9.229282,6.267067,-0.640884,-0.761895,-0.093720,3.478546,1.006819,0.386180
1482925536.635588,-1.252389,0.747716,-2.177307,-1.759997,8.322239,5.646646,-0.696387,-0.679966,-0.229545,3.384435,0.744518,0.433729
1482925536.654907,-1.110145,0.640656,-2.198499,-3.946007,5.462883,4.143440,-0.718137,-0.597721,-0.356383,3.262792,0.377817,0.578428
1482925536.674224,-0.990575,0.522136,-2.300570,-8.728569,2.186868,2.501714,-0.724904,-0.498733,-0.475163,3.119781,0.044160,0.368519
1482925536.693511,-0.916905,0.358366,-2.456921,-11.884974,-0.796902,2.626797,-0.743299,-0.350744,-0.569636,2.568790,0.776649,0.631748
1482925536.712828,-0.921942,0.194372,-2.620791,-11.174029,-3.325858,1.126681,-0.781773,-0.193150,-0.592895,2.070429,1.650394,0.070345
1482925536.732147,-0.960769,0.085933,-2.770225,-8.585732,-2.815301,-0.730394,-0.816608,-0.085827,-0.570776,1.756581,1.725381,-0.882570
1482925536.751433,-1.016384,0.038983,-2.923774,-7.522919,-4.068220,-3.243257,-0.849564,-0.038973,-0.526044,2.005999,1.320611,-0.762842
1482925536.770751,-1.127926,0.047734,-3.078422,-6.308201,-7.424605,-4.843325,-0.902496,-0.047716,-0.428046,2.212872,1.388343,-0.080978
1482925536.790068,-1.290623,0.117401,3.069858,-4.562028,-9.427755,-6.439825,-0.954392,-0.117131,-0.274619,2.155942,1.721535,-0.101121
1482925536.809355,-1.452121,0.234364,2.975100,-3.027189,-9.020726,-7.116286,-0.965821,-0.232224,-0.115160,2.514864,1.879816,-0.562840
1482925536.828673,-1.614603,0.376870,2.918674,-2.346145,-9.664638,-7.793874,-0.928928,-0.368012,0.040719,3.064972,1.552771,-0.549563
1482925536.847991,-1.803996,0.546155,2.890421,-2.577661,-10.742607,-8.997832,-0.831397,-0.519406,0.197474,3.071700,1.069120,-0.247424
1482925536.867278,-2.020397,0.736234,2.915635,-2.050894,-10.033720,-10.024311,-0.667362,-0.671502,0.322044,2.797913,0.754151,-0.404505
1482925536.886595,-2.305774,0.923298,3.050970,-1.271560,-9.178896,-11.114318,-0.447475,-0.797596,0.404483,2.385417,0.433106,-0.705033
1482925536.905913,-2.747742,1.066673,-2.901523,-0.191122,-7.814895,-12.179147,-0.185365,-0.875598,0.446057,2.041619,0.321894,-0.951242
1482925536.925200,2.968752,1.082231,-2.418021,0.992248,-6.891168,-11.490013,0.080721,-0.883007,0.462366,1.923762,0.592400,-0.889566
1482925536.944518,2.541671,0.970435,-2.071283,2.257763,-6.714334,-10.225486,0.318953,-0.825132,0.466290,1.970910,0.583687,-0.596422
1482925536.963823,2.269128,0.808253,-1.918249,3.082473,-8.839461,-9.038754,0.529066,-0.723082,0.444119,1.961557,-0.075148,-0.028081
1482925536.983110,2.020377,0.639245,-1.833148,0.960958,-10.409213,-9.031957,0.722797,-0.596590,0.348777,1.357443,-0.972243,0.435914
1482925537.002428,1.777230,0.477671,-1.773691,-0.177336,-11.094092,-8.277858,0.869213,-0.459712,0.182028,0.433095,-1.248622,0.337090
1482925537.021746,1.557159,0.358126,-1.744456,-0.819347,-10.285074,-4.994513,0.936468,-0.350520,-0.012772,-0.241388,-0.769793,-0.025652
1482925537.041034,1.391031,0.294572,-1.728593,-1.492237,-6.964050,-2.194941,0.941506,-0.290330,-0.171097,-1.056275,-0.491942,0.069434
1482925537.060350,1.294089,0.269155,-1.690423,-2.406434,-3.142694,-0.078040,0.927325,-0.265917,-0.263354,-1.379573,-0.485055,-0.015151
1482925537.079669,1.251761,0.272688,-1.657148,-0.738813,-1.152788,0.859520,0.914454,-0.269321,-0.302061,-1.007431,-0.351660,-0.221226
1482925537.098955,1.240880,0.288409,-1.654248,0.398170,-0.110940,0.884295,0.906995,-0.284428,-0.310583,-0.771019,-0.322984,-0.273023
1482925537.118273,1.254082,0.310873,-1.645183,-0.597894,1.542334,1.594001,0.904715,-0.305890,-0.296517,-0.894062,0.012066,-0.097335
1482925537.137590,1.303584,0.339650,-1.610214,-1.398521,4.179121,1.922277,0.909409,-0.333157,-0.248960,-0.946403,0.142335,-0.330518
1482925537.156878,1.399209,0.361934,-1.565151,-2.272263,6.514320,1.383705,0.921480,-0.354084,-0.159685,-0.357341,0.264633,-0.796487
1482925537.176195,1.498314,0.375944,-1.508453,-2.775492,5.434909,0.665998,0.927719,-0.367151,-0.067362,0.457363,0.470539,-0.753940
1482925537.195513,1.549508,0.375475,-1.448486,-2.844310,3.109605,-0.027582,0.930123,-0.366714,-0.019804,0.596272,0.454714,-0.723203
1482925537.214800,1.588490,0.380635,-1.402625,-1.587232,2.875527,0.475581,0.928284,-0.371510,0.016427,0.309903,0.545629,-0.812557
1482925537.234118,1.639609,0.392087,-1.392868,-0.040964,2.800970,0.550512,0.921927,-0.382118,0.063541,0.136798,0.661987,-0.851643
1482925537.253435,1.695576,0.398760,-1.382091,-1.183775,3.454431,0.185152,0.914378,-0.388276,0.114692,0.101766,0.561839,-1.141848
1482925537.272722,1.761023,0.407185,-1.341272,-2.253707,4.620358,0.046463,0.901675,-0.396026,0.173622,0.192267,0.514356,-1.357310
1482925537.292040,1.834403,0.415466,-1.304710,-1.242123,4.299428,0.053897,0.883323,-0.403616,0.238397,0.400505,0.753478,-1.407312
1482925537.311357,1.897134,0.420798,-1.299019,0.099624,2.743616,0.272767,0.864590,-0.408489,0.292610,0.433640,0.853861,-1.417534
1482925537.330675,1.942199,0.421587,-1.312373,0.782361,1.798972,0.243349,0.850230,-0.409209,0.331145,0.190420,0.747106,-1.442241
1482925537.349962,1.984433,0.419724,-1.332988,0.982042,1.756910,0.299951,0.836187,-0.407508,0.367054,-0.016397,0.647546,-1.353035
1482925537.369280,2.026027,0.417723,-1.350624,0.670851,1.804645,0.224311,0.820932,-0.405680,0.401865,-0.026433,0.461375,-1.343202
1482925537.388597,2.067276,0.418982,-1.357764,-0.025804,2.153496,0.244127,0.803212,-0.406831,0.435132,0.085743,0.288204,-1.503165
1482925537.407885,2.106838,0.434311,-1.351852,-0.915848,2.112260,0.780254,0.779919,-0.420786,0.463320,0.170036,0.428325,-1.403297
1482925537.427202,2.140326,0.463082,-1.342420,-1.302276,1.819576,1.133977,0.753459,-0.446708,0.482444,0.217158,0.524865,-1.209004
1482925537.446520,2.164098,0.499736,-1.328628,-1.713806,1.430318,1.247441,0.727708,-0.479193,0.490729,0.267373,0.576673,-1.012634
1482925537.465807,2.177128,0.537610,-1.305442,-2.171755,1.162970,0.890599,0.705825,-0.512084,0.489470,0.381531,0.607135,-0.880052
1482925537.485125,2.172629,0.576633,-1.266570,-2.736772,0.603840,0.547447,0.691013,-0.545204,0.474609,0.569944,0.719245,-0.784401
1482925537.504442,2.149710,0.614431,-1.214514,-3.013695,0.189707,0.339945,0.683961,-0.576494,0.447048,0.711361,0.887607,-0.738237
1482925537.523729,2.115712,0.651034,-1.157395,-2.995538,-0.117769,0.345770,0.680252,-0.606009,0.412322,0.787898,1.085537,-0.649306
1482925537.543047,2.074788,0.685450,-1.101001,-2.814685,-0.423237,0.411419,0.677880,-0.633021,0.373848,0.829855,1.156216,-0.593623
1482925537.562365,2.032417,0.715067,-1.046848,-2.496548,-0.350376,0.298352,0.676020,-0.655668,0.336299,0.765047,1.081596,-0.563159
1482925537.581652,1.981651,0.734715,-0.991822,-2.180671,-1.119049,-0.175158,0.680271,-0.670375,0.296358,0.760171,1.007016,-0.549887
1482925537.600969,1.907825,0.749048,-0.937989,-2.255249,-2.183215,-0.237229,0.691138,-0.680942,0.242173,0.895825,1.121113,-0.716073
1482925537.620287,1.845017,0.751720,-0.890097,-0.996930,-0.927122,-0.119893,0.703220,-0.682896,0.197821,0.733703,1.177509,-1.135615
1482925537.639575,1.833540,0.755417,-0.880085,-0.487221,0.087025,-0.180528,0.703002,-0.685593,0.189080,0.663581,1.111948,-1.075101
1482925537.658892,1.833659,0.756572,-0.858431,-0.764364,1.243165,0.175123,0.702214,-0.686433,0.188958,0.742535,0.898824,-0.987771
1482925537.678209,1.861530,0.761677,-0.844727,-0.736173,2.105197,0.117913,0.693310,-0.690136,0.207446,0.897087,0.999680,-0.849190
1482925537.697496,1.894371,0.772469,-0.817552,-1.319649,3.302005,0.221094,0.679023,-0.697906,0.227718,0.974983,0.738536,-0.807262
1482925537.716815,1.948435,0.788192,-0.783129,-1.240889,4.169643,0.497003,0.655444,-0.709080,0.260000,1.124063,0.757920,-0.693600
1482925537.736132,2.022948,0.808068,-0.783412,-0.177444,3.709920,1.091573,0.621468,-0.722954,0.301854,1.487602,0.942043,-0.558856
1482925537.755419,2.108559,0.838612,-0.790017,-0.989092,4.598299,1.739807,0.574142,-0.743716,0.342414,1.616473,0.764748,-0.600978
1482925537.774736,2.207651,0.892608,-0.783808,-2.058859,5.815103,2.498736,0.504398,-0.778711,0.373086,1.934561,0.528485,-0.776252
1482925537.794055,2.329929,0.971353,-0.788181,-2.857496,6.192064,3.671300,0.409277,-0.825650,0.388323,2.308346,0.568915,-0.513251
1482925537.813341,2.466557,1.083936,-0.814644,-4.520782,5.675142,4.920270,0.292373,-0.883806,0.365246,2.733092,0.599851,-0.204559
1482925537.832659,2.648698,1.235223,-0.896970,-6.151748,5.586548,6.263587,0.155822,-0.944222,0.290111,3.035168,0.826502,-0.329688
1482925537.851976,-3.122106,1.403226,-1.308058,-7.653231,5.769492,7.550477,-0.003250,-0.985993,0.166753,3.357733,0.938757,-0.415583
1482925537.871264,-1.563136,1.407015,-2.788420,-8.791922,3.822271,8.057527,-0.163044,-0.986618,-0.001249,3.650058,0.901471,-0.123112
1482925537.890581,-1.054376,1.203362,3.001592,-9.339756,0.146532,8.161564,-0.312377,-0.933252,-0.177373,4.007748,1.135985,0.118858
1482925537.909899,-0.951885,0.969130,2.851787,-9.648207,-2.413003,8.231131,-0.461026,-0.824394,-0.328374,4.071517,1.466773,0.090927
1482925537.929186,-0.954676,0.734495,2.761792,-9.493698,-4.408153,7.920996,-0.605704,-0.670213,-0.428880,3.970291,1.772345,0.000536
1482925537.948503,-1.014395,0.521715,2.687960,-7.946477,-5.870606,7.042123,-0.736193,-0.498368,-0.457874,3.710449,1.783990,-0.027327
1482925537.967836,-1.122638,0.355380,2.624258,-6.345825,-7.676835,5.468121,-0.844931,-0.347947,-0.406231,3.389870,1.945173,0.248825
1482925537.987123,-1.265999,0.235879,2.539963,-6.307088,-9.043557,3.396561,-0.927493,-0.233698,-0.291790,2.825862,2.198075,0.156988
1482925538.006441,-1.413229,0.173260,2.426476,-6.344886,-8.539830,0.829325,-0.972825,-0.172395,-0.154567,2.166643,2.449105,-0.067033
1482925538.025758,-1.554751,0.175874,2.315293,-5.047730,-8.024543,-1.458302,-0.984447,-0.174969,-0.015797,1.812367,2.505488,-0.271563
1482925538.045046,-1.677688,0.228995,2.254530,-1.904159,-6.297279,-3.319387,-0.968337,-0.226999,0.103903,1.495628,2.652748,-0.606940
1482925538.064363,-1.790753,0.309790,2.271408,1.049788,-5.371064,-4.848109,-0.929452,-0.304858,0.207801,1.637701,3.008974,-0.810455
1482925538.083681,-1.920200,0.407184,2.343437,2.347968,-5.433636,-6.428008,-0.862757,-0.396025,0.314348,1.897300,3.185876,-0.796269
1482925538.102968,-2.082683,0.515272,2.449543,1.827329,-6.568876,-7.461121,-0.758624,-0.492771,0.426224,2.360007,3.185782,-0.391233
1482925538.122286,-2.297148,0.630719,2.570985,0.186525,-8.086349,-8.232196,-0.603767,-0.589725,0.536368,2.457667,2.675991,-0.306061
1482925538.141603,-2.545894,0.751404,2.727618,-0.734630,-7.137213,-9.077447,-0.410004,-0.682666,0.604867,2.096725,1.906096,-0.750883
1482925538.160921,-2.826346,0.818695,2.959929,1.820566,-5.311512,-9.140202,-0.211819,-0.730255,0.649507,1.894544,1.450710,-1.130615
1482925538.180208,-3.108308,0.772958,-3.061675,4.889510,-4.674788,-8.770956,-0.023823,-0.698255,0.715452,1.700772,1.302901,-1.123950
1482925538.199526,2.957433,0.658892,-2.860802,5.230413,-4.236561,-8.037532,0.144788,-0.612241,0.777301,1.497956,0.879042,-0.792606
1482925538.218843,2.790072,0.539391,-2.720908,3.459784,-5.021233,-6.931061,0.295438,-0.513614,0.805553,1.472550,0.369911,-0.177277
1482925538.238130,2.614264,0.462668,-2.601673,0.195788,-6.899580,-6.474879,0.450319,-0.446337,0.773301,1.490882,-0.400681,0.107465
1482925538.257448,2.414454,0.411856,-2.474585,-2.255389,-7.643862,-6.168225,0.609149,-0.400311,0.684608,1.050326,-0.857928,-0.104976
1482925538.276766,2.224597,0.373174,-2.344616,-3.613486,-6.983583,-5.297750,0.739146,-0.364573,0.566347,0.473398,-0.689642,-0.247661
1482925538.296053,2.055546,0.343328,-2.226709,-4.176181,-6.505861,-3.870342,0.833154,-0.336623,0.438792,0.084423,-0.361703,-0.137331
1482925538.315370,1.907654,0.316027,-2.128279,-3.412214,-5.340613,-2.737895,0.897058,-0.310792,0.314154,-0.172826,-0.166798,-0.263260
1482925538.334688,1.830510,0.291170,-2.074729,-1.470955,-1.859315,-1.638106,0.925783,-0.287074,0.245995,-0.100874,-0.188074,-0.806617
1482925538.353975,1.805932,0.276586,-2.042037,-1.749910,-0.446341,-0.940249,0.935522,-0.273073,0.224120,0.173891,-0.318839,-0.631737
1482925538.373293,1.769653,0.277838,-1.969521,-4.760252,-1.310127,-0.585358,0.942699,-0.274277,0.189973,0.149999,-0.422551,-0.121969
1482925538.392610,1.707783,0.290744,-1.851117,-6.038729,-1.238887,-0.160111,0.949056,-0.286665,0.130827,0.046330,-0.325598,-0.000573
1482925538.411897,1.665261,0.303103,-1.749425,-4.279996,-0.516351,0.226273,0.950159,-0.298484,0.090024,0.318897,0.088957,-0.369391
1482925538.431215,1.632863,0.317806,-1.680702,-3.172274,-0.599640,0.609729,0.948094,-0.312483,0.058921,0.535476,0.356914,-0.610440
1482925538.450533,1.601776,0.337835,-1.605478,-4.202909,-0.114927,0.999104,0.943022,-0.331445,0.029224,0.339443,0.257200,-0.720914
1482925538.469820,1.575529,0.361683,-1.506772,-5.113099,0.618863,1.221612,0.935292,-0.353849,0.004427,0.076408,0.181083,-0.634433
1482925538.489137,1.547807,0.384167,-1.399557,-4.938865,0.593321,1.222688,0.926866,-0.374787,-0.021312,0.007118,0.363726,-0.714288
1482925538.508455,1.532598,0.407136,-1.313623,-3.444076,1.120498,1.370685,0.917589,-0.395981,-0.035067,0.128508,0.888926,-1.043622
1482925538.527742,1.537771,0.429705,-1.255551,-2.336254,1.804957,1.158144,0.908593,-0.416603,-0.030017,0.114538,1.118704,-1.511900
1482925538.547060,1.564866,0.447502,-1.210028,-2.023893,2.689010,0.766915,0.901515,-0.432715,-0.005347,-0.015613,0.941296,-1.716363
1482925538.566377,1.598675,0.456887,-1.167217,-1.963277,2.575594,0.363852,0.897081,-0.441157,0.025016,-0.076971,0.879206,-1.573012
1482925538.585664,1.619548,0.466163,-1.122563,-2.225224,1.822183,0.478085,0.892238,-0.449462,0.043533,-0.102737,0.852418,-1.374386
1482925538.604982,1.623311,0.480357,-1.069360,-2.570131,1.253713,0.621350,0.885607,-0.462096,0.046550,-0.154963,0.715034,-1.197525
1482925538.624300,1.617830,0.495008,-1.014683,-2.479909,0.923506,0.681769,0.878992,-0.475039,0.041373,-0.019163,0.887019,-1.174868
1482925538.643587,1.610158,0.513116,-0.969364,-1.831727,0.610143,0.934159,0.870544,-0.490894,0.034283,0.246754,1.216052,-1.141612
1482925538.662904,1.599980,0.532398,-0.935907,-1.439047,0.182422,0.929236,0.861226,-0.507600,0.025141,0.296516,1.277901,-0.995465
1482925538.682222,1.584703,0.548644,-0.899577,-1.751868,0.260327,0.710891,0.853150,-0.521531,0.011865,0.134436,1.142906,-0.846709
1482925538.701509,1.574615,0.561242,-0.858645,-1.798755,0.823175,0.656524,0.846589,-0.532238,0.003233,0.068696,1.089530,-0.862592
1482925538.720827,1.580172,0.576938,-0.826447,-1.144679,1.368719,0.889676,0.838100,-0.545460,0.007858,0.095576,1.075104,-0.954302
1482925538.740144,1.599925,0.597343,-0.805088,-0.884174,1.815509,1.153385,0.826482,-0.562447,0.024081,0.076209,1.075347,-0.997338
1482925538.759432,1.627514,0.622011,-0.784589,-1.008327,2.067795,1.259143,0.811402,-0.582670,0.046070,0.131209,1.053466,-0.881189
1482925538.778749,1.644424,0.647108,-0.757963,-1.271923,1.433949,1.189529,0.795669,-0.602882,0.058689,0.246942,1.033472,-0.753063
1482925538.798067,1.649126,0.671875,-0.727123,-1.395001,1.169313,1.201712,0.780256,-0.622454,0.061242,0.308832,1.100316,-0.690983
1482925538.817354,1.651848,0.699318,-0.692842,-1.521910,1.359784,1.385263,0.762769,-0.643696,0.061959,0.369547,1.182751,-0.706147
1482925538.836672,1.665389,0.730095,-0.663344,-1.071200,1.968089,1.550608,0.741780,-0.666941,0.070377,0.423469,1.134629,-0.895140
1482925538.855989,1.703126,0.764436,-0.647420,-0.658691,2.830870,1.802507,0.715463,-0.692130,0.095234,0.421286,1.099777,-0.994258
1482925538.875276,1.763871,0.804455,-0.641433,-0.550900,3.679919,2.152383,0.680618,-0.720453,0.133067,0.536251,1.149596,-0.891707
1482925538.894594,1.840237,0.850787,-0.637536,-0.760396,4.314976,2.364462,0.635601,-0.751799,0.175525,0.807667,1.206516,-0.723451
1482925538.913912,1.925091,0.897160,-0.636651,-0.734723,4.242956,2.032194,0.585087,-0.781559,0.216425,1.049675,1.163017,-0.568641
1482925538.933229,1.998204,0.932998,-0.645879,-0.507302,2.749431,1.952467,0.541865,-0.803409,0.246812,1.476662,1.344594,-0.380209
1482925538.952516,2.046992,0.976156,-0.653388,-1.067269,2.216876,2.143512,0.497885,-0.828350,0.256802,1.575271,1.154246,-0.472168
1482925538.971825,2.119024,1.023962,-0.658026,-0.966538,4.664457,2.200139,0.443782,-0.854175,0.271004,1.561037,0.497482,-0.670705
1482925538.991143,2.227462,1.084326,-0.662855,-2.073356,5.142082,2.996979,0.370282,-0.883988,0.285404,2.000185,0.575143,-0.271524
1482925539.010430,2.305650,1.168258,-0.674710,-2.864927,2.605946,3.798451,0.290655,-0.920070,0.262663,2.447747,0.782348,0.144682
1482925539.029747,2.367668,1.277905,-0.693936,-4.284837,2.368450,4.632845,0.201802,-0.957413,0.206487,2.278623,0.930243,0.138685
1482925539.049065,2.453828,1.419121,-0.726539,-5.639982,3.001891,5.437197,0.095917,-0.988519,0.116746,2.370388,1.022575,0.095924
1482925539.068352,-1.726942,1.549326,-2.766602,-6.065146,3.571372,6.223479,-0.021208,-0.999770,0.003339,2.588426,1.158395,-0.065894
1482925539.087670,-0.910065,1.382873,2.780555,-5.647655,4.548962,7.166211,-0.147502,-0.982394,-0.114650,2.631957,1.217018,-0.108033
1482925539.106987,-0.846172,1.201758,2.802794,-5.948708,4.166927,7.449727,-0.270087,-0.932675,-0.239104,2.737502,1.068822,0.232028
1482925539.126274,-0.797596,1.014189,2.819455,-6.495843,2.638051,7.301098,-0.378099,-0.849053,-0.368986,3.018645,1.020463,0.337815
1482925539.145592,-0.779981,0.835979,2.837964,-5.956852,1.122951,6.654394,-0.471506,-0.741953,-0.476642,3.168419,0.884876,0.076862
1482925539.164910,-0.772888,0.661770,2.815878,-8.128929,-1.590477,5.009014,-0.550819,-0.614514,-0.564775,3.253335,0.558222,0.322145
1482925539.184197,-0.805091,0.471342,2.720099,-10.781487,-5.957152,3.400455,-0.642287,-0.454083,-0.617476,3.195856,0.867920,0.782192
1482925539.203514,-0.913218,0.291531,2.586442,-10.788509,-9.114700,2.487969,-0.758079,-0.287419,-0.585412,2.811035,1.571734,0.690520
1482925539.222832,-1.074438,0.164433,2.452092,-8.336053,-10.174902,1.195927,-0.867462,-0.163693,-0.469803,2.263824,2.055488,0.460942
1482925539.242119,-1.239458,0.110547,2.321439,-6.845835,-8.458512,-1.023793,-0.939835,-0.110322,-0.323323,1.608317,2.503295,-0.253718
1482925539.280754,-1.442581,0.233883,2.128134,-2.398681,-5.173320,-6.507349,-0.964788,-0.231756,-0.124383,1.683778,2.670344,-0.828902
1482925539.300041,-1.510816,0.375185,2.089820,-0.466089,-3.603528,-8.024827,-0.928766,-0.366445,-0.055775,1.899759,3.017989,-0.925921
1482925539.319359,-1.594356,0.541048,2.122706,2.943779,-3.620019,-8.834850,-0.856931,-0.515034,0.020193,2.319629,3.455284,-0.512461
1482925539.261437,-1.351246,0.136324,2.206371,-4.361397,-5.722212,-4.074333,-0.966940,-0.135902,-0.215770,1.402449,2.548923,-0.723131
1482925539.338677,-1.758345,0.715122,2.238998,4.139853,-5.852528,-9.832009,-0.741773,-0.655710,0.140773,2.745371,3.476661,-0.130525
1482925539.357964,-2.044841,0.869378,2.457211,5.617492,-6.818175,-10.255150,-0.574144,-0.763928,0.294573,2.753334,2.990579,-0.463668
1482925539.377281,-2.460999,0.918505,2.838666,9.594848,-5.450610,-9.438928,-0.381963,-0.794695,0.471767,2.587760,2.760770,-0.923948
1482925539.396599,-2.852827,0.804198,-3.066172,11.415423,-5.439670,-8.013141,-0.197541,-0.720275,0.664967,2.593726,2.215591,-0.497215
1482925539.415886,-3.130839,0.633267,-2.836772,8.844336,-7.242300,-7.209908,-0.008668,-0.591782,0.806051,2.403815,1.368735,0.135259
1482925539.435204,2.923922,0.504053,-2.695163,4.395664,-7.921759,-6.422764,0.189098,-0.482979,0.854970,1.960410,0.518463,0.191450
1482925539.454521,2.731531,0.429131,-2.581587,1.002514,-7.006794,-6.189870,0.362518,-0.416080,0.833941,1.364459,0.221592,0.256865
1482925539.473809,2.566983,0.351165,-2.486184,2.055847,-6.346068,-5.741647,0.510338,-0.343992,0.788178,0.870426,0.233113,0.264723
1482925539.493126,2.439774,0.243455,-2.432685,3.066557,-5.398445,-5.293129,0.626569,-0.241058,0.741149,0.383760,0.037821,0.294874
1482925539.512444,2.340954,0.142278,-2.392082,1.889231,-4.259493,-4.931013,0.710547,-0.141799,0.689213,-0.029149,-0.514300,0.146482
1482925539.531731,2.274069,0.073462,-2.348177,0.144544,-2.622401,-3.567907,0.760672,-0.073395,0.644972,-0.110532,-0.490915,-0.031633
1482925539.551049,2.234512,0.035742,-2.321607,0.448739,-1.652827,-1.601226,0.787205,-0.035735,0.615654,0.197887,-0.329867,-0.576581
1482925539.570366,2.201918,0.015915,-2.324925,0.694971,-1.787884,-0.350981,0.807263,-0.015914,0.589976,0.338285,-0.442507,-0.747225
1482925539.589653,2.172507,0.018967,-2.316713,-1.355058,-1.212394,0.028770,0.824220,-0.018966,0.565951,0.204393,-0.783425,-0.532528
1482925539.608971,2.169359,0.053042,-2.272251,-3.741789,0.570587,0.083001,0.824984,-0.053018,0.562663,0.527065,-1.097528,-0.568170
1482925539.628289,2.167979,0.104749,-2.188186,-5.646005,-0.403693,-0.245956,0.822390,-0.104557,0.559233,1.446504,-0.890811,-0.577488
1482925539.647606,2.121372,0.170568,-2.098619,-5.639491,-2.282812,0.839055,0.839856,-0.169742,0.515586,1.732909,-0.293380,-0.741650
1482925539.666893,2.054439,0.253102,-2.012482,-6.286939,-2.659485,1.773004,0.857101,-0.250408,0.450192,1.339731,-0.077603,-0.727200
1482925539.686211,1.958414,0.337682,-1.890925,-8.008679,-3.460462,1.017582,0.873527,-0.331301,0.356637,0.981654,-0.113207,-0.436547
1482925539.705529,1.818002,0.397638,-1.715183,-9.435734,-4.113927,-0.059108,0.893950,-0.387241,0.225604,0.663186,0.034941,-0.274103
1482925539.724816,1.665635,0.422615,-1.526763,-8.527912,-3.803718,-0.256676,0.907921,-0.410147,0.086365,0.408143,0.489108,-0.377562
1482925539.744133,1.546022,0.429039,-1.376189,-6.285013,-2.392785,0.391732,0.909086,-0.415997,-0.022527,0.222428,0.840349,-0.656618
1482925539.763451,1.459558,0.439631,-1.259821,-4.934080,-1.812710,1.136860,0.899315,-0.425606,-0.100453,0.029468,0.897526,-0.620376
1482925539.782738,1.380798,0.449825,-1.150845,-5.157145,-1.480599,1.327544,0.884317,-0.434808,-0.170071,-0.276974,0.837447,-0.532873
1482925539.802056,1.311409,0.449696,-1.034233,-5.107575,-0.645440,1.199395,0.870452,-0.434692,-0.230988,-0.496250,0.805987,-0.578861
1482925539.821373,1.266311,0.450364,-0.944955,-3.266889,-0.220394,1.204918,0.858877,-0.435293,-0.269908,-0.370672,1.093989,-0.814821
1482925539.840660,1.241375,0.461304,-0.890445,-1.640259,0.083081,1.369852,0.847323,-0.445117,-0.289681,-0.288586,1.248612,-0.995706
1482925539.859978,1.232844,0.476798,-0.856140,-1.215091,0.522204,1.208218,0.838213,-0.458937,-0.294578,-0.348333,1.240232,-0.982377
1482925539.879296,1.229381,0.486360,-0.820078,-1.510494,0.764770,0.868476,0.833015,-0.467411,-0.295995,-0.418376,1.148130,-0.838218
1482925539.898583,1.230151,0.488803,-0.784518,-1.389194,0.984085,0.585111,0.832164,-0.469569,-0.294971,-0.442617,1.027904,-0.714140
1482925539.917900,1.239181,0.494573,-0.760290,-0.582312,1.092998,0.736007,0.832218,-0.474656,-0.286558,-0.376709,1.084391,-0.627897
1482925539.937218,1.259144,0.512892,-0.753229,0.282535,1.292011,1.174028,0.829356,-0.490699,-0.267177,-0.252167,1.154531,-0.589675
1482925539.956505,1.287774,0.540439,-0.752874,0.338248,1.672246,1.465381,0.823369,-0.514512,-0.239460,-0.169339,1.027842,-0.626532
1482925539.975843,1.324507,0.572060,-0.743805,-0.149861,2.438127,1.833593,0.815416,-0.541365,-0.204990,-0.035506,1.000011,-0.668125
1482925539.995160,1.366343,0.608104,-0.722424,-0.642888,2.993827,2.122103,0.803639,-0.571312,-0.166635,0.089466,1.094032,-0.683465
1482925540.014447,1.414935,0.648877,-0.695676,-0.705070,3.500335,2.376356,0.787104,-0.604292,-0.123682,0.178667,1.147976,-0.661247
1482925540.033765,1.474983,0.694894,-0.677006,-0.331526,3.801445,2.492990,0.764598,-0.640304,-0.073484,0.315251,1.258734,-0.600113
1482925540.053083,1.547519,0.742897,-0.670906,0.017095,4.078781,2.491734,0.736312,-0.676425,-0.017142,0.535018,1.163288,-0.732498
1482925540.072370,1.636149,0.788910,-0.677057,0.204289,4.550803,2.322483,0.703115,-0.709585,0.046016,0.719211,1.059094,-0.835978
1482925540.091687,1.732721,0.832652,-0.685129,-0.097774,4.729558,2.286547,0.664113,-0.739719,0.108486,0.995996,1.152637,-0.793886
1482925540.111005,1.828109,0.878806,-0.694111,-0.169192,4.438991,2.478519,0.617064,-0.769977,0.162378,1.326792,1.259491,-0.783228
1482925540.130292,1.932486,0.924997,-0.721274,0.251188,4.317976,2.585930,0.562898,-0.798619,0.212963,1.422222,1.204000,-0.907273
1482925540.149610,2.056630,0.969238,-0.765858,0.214979,4.693238,2.682738,0.500442,-0.824455,0.264258,1.371766,1.020870,-0.999099
1482925540.168927,2.192064,1.015100,-0.817164,-0.192433,4.828857,2.840619,0.428960,-0.849533,0.307060,1.450320,0.946651,-0.929223
1482925540.188215,2.334287,1.067748,-0.871060,-0.921045,5.060338,3.120249,0.348281,-0.876117,0.333346,1.754156,0.984683,-0.769183
1482925540.207532,2.499129,1.127335,-0.944908,-1.315997,5.117299,3.477722,0.257085,-0.903272,0.343522,2.235546,1.096509,-0.663390
1482925540.226850,2.708959,1.183625,-1.067808,-1.068600,4.947015,3.805687,0.158302,-0.925981,0.342784,2.358024,0.999376,-0.627156
1482925540.246137,2.973062,1.229239,-1.254895,-1.353253,4.379512,4.113864,0.056183,-0.942234,0.330209,2.380491,0.981523,-0.588573
1482925540.265455,-2.988775,1.260004,-1.509434,-1.662438,4.126147,4.261357,-0.046552,-0.952092,0.302248,2.237185,0.979067,-0.613991
1482925540.284772,-2.611790,1.264924,-1.815866,-1.945397,4.572547,4.550475,-0.152177,-0.953585,0.259842,2.243037,1.088868,-0.656761
1482925540.304059,-2.236892,1.234240,-2.110348,-1.992492,5.102757,4.734634,-0.259646,-0.943897,0.204061,2.320996,1.197407,-0.722095
1482925540.323377,-1.941168,1.169477,-2.321942,-1.505732,4.891005,4.863885,-0.364144,-0.920546,0.141394,2.269510,1.070033,-0.675265
1482925540.342695,-1.759299,1.088683,-2.437026,-1.284535,3.370691,4.620935,-0.455438,-0.886017,0.086883,2.106649,0.925241,-0.473030
1482925540.362012,-1.638019,1.006759,-2.519365,-1.804691,2.301548,4.427609,-0.533393,-0.845104,0.035910,1.956031,0.895533,-0.663265
1482925540.381299,-1.531264,0.921253,-2.598403,-2.626129,2.115232,4.481070,-0.604350,-0.796360,-0.023904,1.926761,0.903881,-1.002855
1482925540.400617,-1.426234,0.831945,-2.689445,-4.146619,1.489035,4.187410,-0.666414,-0.739243,-0.097015,1.983739,0.780755,-1.155718
1482925540.419935,-1.318812,0.733193,-2.827024,-7.163229,-0.134878,3.811544,-0.719575,-0.669245,-0.185259,1.907116,0.914136,-0.705446
1482925540.439222,-1.236845,0.625235,-3.010014,-9.255842,-2.625328,2.660140,-0.766030,-0.585288,-0.265771,1.696709,0.887888,-0.513592
1482925540.458539,-1.209360,0.537441,3.094415,-8.295550,-4.177684,0.984040,-0.803520,-0.511939,-0.303766,1.531555,0.860441,-1.035023
1482925540.477857,-1.229698,0.488259,2.939982,-7.018687,-5.509811,-0.637831,-0.832270,-0.469089,-0.295434,1.666284,0.842696,-1.409860
1482925540.497144,-1.288013,0.482137,2.798634,-5.938717,-6.926525,-2.304383,-0.850816,-0.463674,-0.247222,1.796288,0.874946,-1.306575
1482925540.516462,-1.370103,0.517336,2.663185,-5.505503,-7.799165,-3.801072,-0.851694,-0.494567,-0.173261,1.880793,1.093099,-1.475078
1482925540.535779,-1.444902,0.589641,2.521884,-5.460395,-7.623546,-5.368209,-0.824562,-0.556063,-0.104359,1.955516,1.317089,-1.822327
1482925540.555066,-1.507680,0.707838,2.383035,-4.901126,-7.490251,-7.334084,-0.758256,-0.650192,-0.047922,2.096139,1.733691,-1.819995
1482925540.574384,-1.563790,0.860104,2.262528,-3.495621,-7.200870,-8.434227,-0.652341,-0.757911,-0.004571,2.289394,2.338966,-1.557011
1482925540.593702,-1.659653,1.039744,2.216007,-0.771539,-6.623631,-9.703854,-0.504442,-0.862275,0.044941,2.284914,2.771847,-1.350625
1482925540.612989,-1.926910,1.225021,2.373787,2.460252,-6.169006,-10.333715,-0.317661,-0.940813,0.118161,2.223455,2.966258,-1.272870
1482925540.632306,-2.656281,1.338797,3.010135,3.332787,-6.029491,-10.299378,-0.107256,-0.973209,0.203375,2.184531,2.512627,-0.890366
1482925540.651624,2.729754,1.282536,-2.467697,2.828355,-5.853459,-10.332667,0.113798,-0.958740,0.260514,1.922590,1.816069,-0.389525
1482925540.670911,2.266513,1.130033,-2.084847,1.519083,-5.072598,-10.245242,0.327479,-0.904426,0.273442,1.490545,1.361375,0.011777
1482925540.690229,2.045697,0.950479,-1.928921,2.225189,-3.871675,-9.669780,0.516966,-0.813694,0.265796,1.143881,1.165175,-0.108443
1482925540.709546,1.966739,0.774490,-1.905241,3.536555,-2.846073,-7.962323,0.659478,-0.699352,0.275674,0.894917,1.190938,-0.000941
1482925540.728833,1.923373,0.620307,-1.927557,3.798282,-3.270086,-6.686717,0.763646,-0.581285,0.280985,0.588539,0.716460,0.341171
1482925540.748151,1.873800,0.485669,-1.972043,4.456460,-3.843063,-5.570211,0.844075,-0.466800,0.263884,0.183460,0.335777,0.111051
1482925540.767469,1.841583,0.370845,-2.040052,4.777573,-2.548788,-4.298434,0.898059,-0.362403,0.249306,-0.281593,0.199250,-0.287017
1482925540.786756,1.837557,0.287911,-2.119849,5.036094,-0.952553,-2.223184,0.924925,-0.283949,0.252757,-0.470700,0.485438,-0.389845
1482925540.806073,1.858508,0.241910,-2.210390,4.664697,0.249152,-0.593239,0.930974,-0.239558,0.275497,-0.250786,0.757069,-0.384749
1482925540.825391,1.883105,0.220958,-2.267157,2.063509,0.825989,-0.138982,0.928490,-0.219165,0.299786,0.036004,-0.106423,-0.581107
1482925540.844678,1.903426,0.204774,-2.253948,-2.408823,1.306752,-1.403785,0.925439,-0.203346,0.319708,0.248835,-1.118191,-0.647746
1482925540.863996,1.896947,0.222047,-2.150488,-6.523838,0.207093,-0.411866,0.924026,-0.220227,0.312532,0.579597,-0.875238,-0.281837
1482925540.883313,1.837825,0.270268,-2.010885,-7.703557,-2.272303,0.641486,0.929545,-0.266990,0.254288,0.925375,-0.500811,-0.042577
1482925540.902601,1.724494,0.313040,-1.860394,-7.734074,-4.341403,0.533560,0.940186,-0.307952,0.145654,1.136437,-0.219317,-0.110740
1482925540.921918,1.577322,0.337421,-1.712564,-7.086410,-5.483910,0.909418,0.943592,-0.331054,0.006157,1.415542,0.431560,-0.456710
1482925540.941236,1.420882,0.361641,-1.579862,-5.827947,-5.920338,2.057637,0.924827,-0.353810,-0.139693,1.338858,0.952660,-0.601317
1482925540.960523,1.264346,0.379507,-1.458512,-5.395875,-5.547503,2.191290,0.885573,-0.370463,-0.280211,0.736844,0.722319,-0.503434
1482925540.979836,1.130009,0.375792,-1.333433,-5.855323,-3.886305,2.031604,0.841304,-0.367009,-0.396879,0.044873,0.539700,-0.508439
1482925540.999154,1.029852,0.359944,-1.210527,-5.351550,-2.392060,2.075824,0.802289,-0.352222,-0.481947,-0.198683,0.620098,-0.427387
1482925541.018440,0.962141,0.346849,-1.104995,-4.229199,-1.091095,2.337085,0.771560,-0.339937,-0.537715,-0.314207,0.806608,-0.365488
1482925541.037759,0.926686,0.344531,-1.016234,-3.094892,0.215506,2.454639,0.752643,-0.337755,-0.565199,-0.393933,0.770675,-0.396186
1482925541.057076,0.922856,0.355545,-0.948731,-1.885704,1.376419,2.443366,0.747461,-0.348101,-0.565798,-0.556237,0.787091,-0.472547
1482925541.076394,0.939615,0.374917,-0.898131,-1.112933,1.986207,2.114115,0.751252,-0.366196,-0.549109,-0.660063,0.870105,-0.523554
1482925541.095680,0.967038,0.391243,-0.857111,-1.144516,2.349939,1.691408,0.761003,-0.381338,-0.524840,-0.696636,0.845680,-0.685623
1482925541.114999,1.002318,0.407842,-0.823187,-0.705901,2.602263,1.634264,0.773600,-0.396630,-0.494194,-0.540377,0.915473,-0.910525
1482925541.134316,1.041358,0.432242,-0.797752,-0.164202,2.489992,1.749636,0.783711,-0.418908,-0.458598,-0.348556,1.007142,-1.033846
1482925541.153604,1.077630,0.462829,-0.773383,-0.372028,2.412547,2.065991,0.788168,-0.446481,-0.423611,-0.251371,1.076831,-1.056160
1482925541.172920,1.109226,0.495724,-0.735783,-0.970121,2.672510,2.440699,0.787576,-0.475668,-0.391745,-0.156615,1.172355,-1.049678
1482925541.192239,1.146578,0.533044,-0.690935,-0.874850,3.336075,2.732800,0.784922,-0.508158,-0.354504,-0.019727,1.314253,-1.193077
1482925541.211525,1.195555,0.580772,-0.655984,-0.107792,3.532884,2.928350,0.777867,-0.548670,-0.306406,0.152830,1.388877,-1.296326
1482925541.230844,1.256707,0.633902,-0.638045,0.301860,3.776719,2.799881,0.766305,-0.592293,-0.248929,0.154178,1.362763,-1.098499
1482925541.250160,1.323906,0.685610,-0.627923,0.344764,3.786728,2.609628,0.750562,-0.633146,-0.189166,0.376338,1.332899,-1.030997
1482925541.269448,1.397749,0.734904,-0.628409,0.611692,3.852716,2.452125,0.730814,-0.670516,-0.127743,0.588267,1.306326,-1.106832
1482925541.288765,1.484754,0.783489,-0.639686,0.843144,4.300015,2.467538,0.705834,-0.705756,-0.060882,0.734131,1.252572,-1.201007
1482925541.308084,1.598767,0.833979,-0.673274,1.550357,4.867989,2.625894,0.671671,-0.740611,0.018792,0.923040,1.087756,-1.333663
1482925541.327371,1.743881,0.884423,-0.730785,1.630999,5.493496,2.924311,0.624267,-0.773549,0.109143,0.931604,1.037565,-1.287854
1482925541.346688,1.904059,0.940003,-0.790596,0.725695,6.019517,3.446727,0.557335,-0.807560,0.192935,1.059609,1.111773,-1.178025
1482925541.366005,2.071412,1.002703,-0.849161,0.013972,6.256373,3.765726,0.472003,-0.842928,0.258234,1.250163,1.285395,-1.149073
1482925541.385293,2.269684,1.063776,-0.933394,0.187043,6.712329,3.890108,0.371736,-0.874195,0.312402,1.325447,1.439343,-1.115569
1482925541.404611,2.517689,1.107651,-1.059417,0.554516,7.287249,3.668297,0.261003,-0.894652,0.362595,1.405072,1.453336,-0.984003
1482925541.423928,2.801762,1.123799,-1.209693,1.039286,7.934249,3.289373,0.144084,-0.901749,0.407540,1.549596,1.429164,-0.772728
1482925541.443214,3.088369,1.113179,-1.353264,1.188621,8.207703,3.004567,0.023504,-0.897108,0.441187,1.882063,1.390798,-0.584098
1482925541.462533,-2.933314,1.087625,-1.472540,1.045105,7.891987,2.787288,-0.096066,-0.885526,0.454549,2.104830,1.213236,-0.441049
1482925541.481851,-2.706471,1.056155,-1.562067,0.641645,7.568627,2.567458,-0.207482,-0.870469,0.446357,2.175495,1.084806,-0.287545
1482925541.501137,-2.507157,1.023685,-1.631377,0.462833,6.966502,2.268355,-0.308347,-0.854031,0.418990,2.304900,0.886748,-0.151307
1482925541.520455,-2.341020,0.991530,-1.675267,0.525035,6.623764,1.927022,-0.392906,-0.836864,0.381159,2.467157,0.857273,-0.251092
1482925541.539773,-2.182284,0.955301,-1.708967,0.401297,6.845627,2.170587,-0.472742,-0.816488,0.331456,2.532964,0.945471,-0.342888
1482925541.559060,-2.032051,0.915210,-1.737602,0.192996,6.302198,2.229630,-0.545916,-0.792690,0.271327,2.433545,0.888637,-0.222265
1482925541.578377,-1.908527,0.876783,-1.758240,0.266255,5.142632,1.920850,-0.603494,-0.768685,0.211938,2.192073,0.841552,0.002797
1482925541.597695,-1.809531,0.845688,-1.763866,0.276022,4.931241,1.465356,-0.644406,-0.748427,0.156833,2.173525,0.649348,-0.142814
1482925541.616982,-1.714641,0.820180,-1.758963,0.426448,5.091276,1.069530,-0.675045,-0.731269,0.097777,2.158065,0.275339,-0.386917
1482925541.636300,-1.628230,0.805215,-1.756623,-0.133595,4.237494,0.678000,-0.691814,-0.720979,0.039777,1.976157,0.152700,-0.435210
1482925541.655617,-1.538264,0.788137,-1.781097,-1.316557,3.481520,0.979063,-0.704794,-0.709041,-0.022937,1.840984,0.184756,-0.352839
1482925541.674905,-1.444423,0.767873,-1.828345,-2.057042,2.968882,0.817702,-0.713652,-0.694607,-0.090670,1.758477,-0.048971,-0.406767
1482925541.694222,-1.337775,0.750933,-1.906515,-3.746782,2.475655,0.075145,-0.711294,-0.682321,-0.168813,1.741662,-0.374448,-0.463464
1482925541.713540,-1.228761,0.727209,-2.026942,-5.283803,0.786753,-0.347829,-0.703760,-0.664787,-0.250559,1.811823,-0.598206,-0.370109
1482925541.732857,-1.145635,0.697966,-2.163164,-5.696787,-1.163294,-0.732489,-0.697942,-0.642660,-0.316013,2.020498,-0.429473,-0.062296
1482925541.752145,-1.122400,0.658007,-2.307671,-6.406034,-4.918465,-0.661929,-0.712996,-0.611541,-0.343007,2.378683,-0.311021,0.210407
1482925541.771462,-1.170786,0.623683,-2.451954,-5.808460,-8.065384,-1.005037,-0.747652,-0.584029,-0.316112,2.632448,0.141545,0.335597
1482925541.790780,-1.280013,0.617170,-2.575704,-4.508639,-9.918948,-1.928031,-0.781284,-0.578730,-0.233812,2.992820,0.624704,0.374593
1482925541.810066,-1.434512,0.648820,-2.685648,-4.187901,-12.474871,-3.191707,-0.789409,-0.604246,-0.108255,3.461637,0.632685,0.619960
1482925541.829385,-1.633890,0.731634,-2.808528,-5.154058,-15.333982,-5.195868,-0.742603,-0.668086,0.046916,3.313579,0.552107,1.116048
1482925541.848701,-1.889991,0.872061,-2.893918,-3.564302,-16.769766,-7.547536,-0.610758,-0.765656,0.201853,2.653261,0.786874,1.186301
1482925541.867990,-2.288153,1.017116,-2.802612,-0.106694,-16.652822,-7.842276,-0.396231,-0.850595,0.345673,2.487252,1.377168,0.653947
1482925541.887306,-2.826750,1.089608,-2.553637,0.641305,-16.432802,-7.366902,-0.143324,-0.886446,0.440082,2.625066,1.442056,0.240352
1482925541.906625,2.894286,1.048021,-2.250871,3.465420,-14.407984,-7.961480,0.122222,-0.866437,0.484096,2.046083,1.277994,0.034777
1482925541.925911,2.535876,0.881958,-2.097094,7.065122,-10.187319,-7.281795,0.361903,-0.771985,0.522557,1.138380,1.271916,-0.239049
1482925541.945230,2.366805,0.706157,-2.079860,6.018970,-7.416115,-6.036856,0.532272,-0.648915,0.543688,0.582215,0.922036,0.334754
1482925541.964546,2.212601,0.552610,-2.065668,4.071030,-7.826496,-6.530726,0.681792,-0.524911,0.509538,0.178843,0.522996,0.974025
1482925541.983854,2.062475,0.404710,-2.061682,4.267089,-7.063960,-6.510253,0.810328,-0.393752,0.433968,-0.392247,0.609177,0.939079
1482925542.003172,1.985599,0.265836,-2.089939,4.167380,-2.751185,-5.423017,0.883048,-0.262716,0.388853,-1.042717,0.604745,0.508003
1482925542.022490,1.975648,0.158966,-2.106266,2.145781,0.176149,-4.378314,0.907572,-0.158297,0.388916,-1.000957,0.063392,0.219585
1482925542.041777,1.991297,0.084553,-2.099551,0.853254,1.095626,-3.160355,0.909623,-0.084453,0.406759,-0.538835,-0.288293,-0.109438
1482925542.061094,2.014530,0.045657,-2.099760,1.048070,1.166952,-0.888522,0.902214,-0.045641,0.428868,0.012927,-0.465165,-0.810133
1482925542.080412,2.028540,0.039295,-2.121925,0.844873,0.239909,0.659499,0.896360,-0.039285,0.441584,0.307641,-0.979716,-0.991906
1482925542.099699,2.019694,0.067446,-2.117246,-2.059132,-0.763739,1.520755,0.898878,-0.067395,0.432986,0.440323,-1.450406,-0.669091
1482925542.119017,1.987802,0.126810,-2.059608,-5.021397,-1.685302,1.488106,0.906964,-0.126471,0.401772,0.886412,-1.353980,-0.851234
1482925542.138334,1.922855,0.203570,-1.967155,-6.280087,-3.584051,2.133001,0.919282,-0.202167,0.337711,1.653007,-0.314682,-0.838197
1482925542.157621,1.778651,0.277452,-1.846454,-7.448007,-7.210354,1.944805,0.941055,-0.273906,0.198469,1.693327,0.159354,-0.349811
1482925542.176939,1.569456,0.334146,-1.683124,-8.675079,-8.656065,2.210944,0.944690,-0.327963,-0.001266,1.228752,0.783983,0.047265
1482925542.196257,1.331858,0.352560,-1.499251,-8.780831,-9.065161,1.893743,0.911829,-0.345301,-0.222114,0.707436,1.263386,0.142554
1482925542.215544,1.142057,0.336017,-1.338323,-6.832124,-5.387916,1.745413,0.858628,-0.329729,-0.392476,-0.050312,1.275614,-0.397725
1482925542.234861,1.027446,0.317439,-1.215309,-5.088000,-3.431869,2.057129,0.813215,-0.312135,-0.491176,0.103183,1.119864,-0.437894
1482925542.254179,0.948331,0.307130,-1.131663,-3.062207,-2.364699,1.744877,0.774425,-0.302324,-0.555757,-0.088229,0.851505,-0.153201
1482925542.273466,0.896150,0.305953,-1.076269,-1.826973,-1.498860,1.460545,0.744662,-0.301202,-0.595614,-0.338244,0.645961,0.045208
1482925542.292784,0.869540,0.306049,-1.032101,-1.632186,-0.138462,1.371381,0.728529,-0.301294,-0.615198,-0.410848,0.731475,0.054319
1482925542.312101,0.867129,0.306634,-0.987627,-1.707954,0.979532,1.518290,0.726909,-0.301851,-0.616838,-0.486086,0.827556,-0.101798
1482925542.331389,0.885758,0.309029,-0.940361,-1.652276,2.038681,1.662587,0.737712,-0.304133,-0.602731,-0.457458,0.631378,-0.404379
1482925542.350706,0.921020,0.327648,-0.915025,0.355889,2.309578,1.447696,0.753862,-0.321817,-0.572823,-0.394917,0.648210,-0.687037
1482925542.370024,0.963584,0.361839,-0.906994,0.775473,2.362554,1.779959,0.768064,-0.353995,-0.533633,-0.336868,0.865376,-1.121185
1482925542.389341,1.007344,0.395897,-0.889103,-0.208944,2.822355,2.050596,0.780024,-0.385636,-0.492796,-0.390629,0.827182,-1.348970
1482925542.408629,1.054389,0.426616,-0.850256,-0.992628,3.489995,2.469514,0.791658,-0.413792,-0.449505,-0.301658,0.918869,-1.364956
1482925542.427946,1.109075,0.464201,-0.803558,-0.963123,4.126800,2.892893,0.800547,-0.447709,-0.398348,-0.187639,0.951961,-1.322075
1482925542.447264,1.175240,0.512472,-0.755782,-0.898592,4.789129,3.386307,0.804237,-0.490333,-0.335821,-0.101309,1.033550,-1.156784
1482925542.466551,1.251990,0.574287,-0.715383,-0.291519,5.224069,3.736656,0.797274,-0.543236,-0.263152,0.104034,1.197299,-0.984371
1482925542.485868,1.341698,0.644679,-0.691599,0.135715,5.369446,3.787038,0.778408,-0.600942,-0.181519,0.327822,1.214604,-0.913138
1482925542.505186,1.442349,0.715456,-0.682899,0.375296,5.611020,3.597503,0.748576,-0.655961,-0.096685,0.601270,1.172129,-0.927184
1482925542.524473,1.567522,0.781974,-0.695681,0.893314,6.359263,3.336001,0.709520,-0.704681,-0.002323,1.045122,1.206894,-1.258077
1482925542.543791,1.729250,0.845071,-0.740957,1.845065,6.735880,3.327400,0.655364,-0.748018,0.104723,1.495212,1.142709,-1.530987
1482925542.563108,1.917194,0.897338,-0.824366,1.898103,6.122686,3.401807,0.586647,-0.781669,0.211751,1.765155,1.211063,-1.440046
1482925542.582396,2.089687,0.949887,-0.906436,0.622542,5.300522,3.641413,0.505196,-0.813349,0.288513,1.891657,1.231469,-1.470857
1482925542.601713,2.251119,1.013096,-0.977120,-0.512935,5.413414,3.933225,0.411412,-0.848474,0.332913,1.873786,1.308459,-1.482660
1482925542.621031,2.436796,1.079406,-1.064359,-0.813480,5.887494,4.082033,0.305703,-0.881678,0.359430,2.095536,1.519421,-1.333977
1482925542.640318,2.679605,1.131015,-1.197610,-0.227347,6.779937,4.023839,0.189765,-0.904845,0.381110,2.204847,1.575158,-1.241295
1482925542.659636,2.982755,1.148268,-1.375051,0.755943,7.604872,3.841651,0.064861,-0.912055,0.404906,2.355826,1.491571,-0.999879
1482925542.678953,-2.993487,1.127812,-1.541606,1.134748,8.280674,3.522185,-0.063252,-0.903476,0.423946,2.424792,1.358097,-0.629232
1482925542.698240,-2.720735,1.090989,-1.663126,0.925367,8.678275,3.076216,-0.188587,-0.887084,0.421328,2.481406,1.238015,-0.426340
1482925542.717558,-2.465597,1.046288,-1.748697,0.928248,9.771785,3.023459,-0.313330,-0.865570,0.390657,2.554353,1.231101,-0.553722
1482925542.736876,-2.225732,0.988201,-1.794631,1.536128,10.656393,3.020706,-0.436351,-0.835038,0.335127,2.553210,1.174139,-0.413931
1482925542.756163,-2.024532,0.925532,-1.787883,1.967340,10.697118,2.505538,-0.540556,-0.798941,0.263614,2.582005,0.996815,-0.075431
1482925542.775480,-1.846681,0.871879,-1.755154,1.969901,10.434150,2.054029,-0.619059,-0.765539,0.175258,2.645154,0.848877,0.050657
1482925542.794798,-1.683658,0.824883,-1.711558,1.931875,9.739627,2.028996,-0.674325,-0.734468,0.076430,2.647500,0.654473,0.192377
1482925542.814085,-1.540191,0.785497,-1.675358,0.902817,8.269900,2.030997,-0.706706,-0.707177,-0.021636,2.619213,0.472539,0.237388
1482925542.833403,-1.408439,0.751922,-1.660078,-0.109350,6.844910,1.484917,-0.720772,-0.683044,-0.118062,2.516271,0.047857,-0.016420
1482925542.852720,-1.258347,0.721189,-1.709284,-3.637247,5.656346,0.863947,-0.714659,-0.660278,-0.230857,2.290019,-0.301682,-0.330174
1482925542.872007,-1.074987,0.667522,-1.836240,-6.875572,5.026827,0.319353,-0.690788,-0.619042,-0.373629,1.841792,-0.732563,-0.503841
1482925542.891325,-0.915466,0.579990,-2.004724,-9.042607,1.854588,-0.542905,-0.663191,-0.548016,-0.509761,1.628020,-0.765075,-0.122395
1482925542.910643,-0.819016,0.487853,-2.179225,-8.972926,-0.323510,-1.866915,-0.645258,-0.468730,-0.603269,1.583416,-0.377560,-0.002186
1482925542.929930,-0.773762,0.397699,-2.359723,-9.575422,-2.508606,-3.174726,-0.644290,-0.387298,-0.659462,1.740578,-0.131007,0.007832
1482925542.949247,-0.784871,0.318164,-2.563577,-9.846177,-5.384918,-4.789444,-0.671264,-0.312823,-0.671972,1.929370,0.336667,0.216244
1482925542.968565,-0.858075,0.278148,-2.781333,-8.868701,-7.915462,-6.539979,-0.727506,-0.274576,-0.628763,2.018694,0.630418,0.361601
1482925542.987889,-0.972502,0.296324,-3.000711,-7.631518,-9.649271,-7.892791,-0.790285,-0.292006,-0.538686,2.170767,0.660073,0.295383
1482925543.007176,-1.100315,0.371777,3.075943,-6.129315,-10.225995,-8.898212,-0.830456,-0.363272,-0.422346,2.421764,0.873398,0.167136
1482925543.026493,-1.226185,0.499663,2.907392,-3.689530,-10.160806,-9.373586,-0.826138,-0.479130,-0.296529,2.922716,1.350685,-0.001528
1482925543.045811,-1.373285,0.661473,2.799395,-1.515552,-10.964998,-9.269628,-0.773746,-0.614280,-0.154843,3.530342,1.674520,0.006080
1482925543.065098,-1.576835,0.835855,2.772522,0.626573,-11.705537,-9.200673,-0.670531,-0.741870,0.004049,4.067050,1.597948,-0.198087
1482925543.084416,-1.881574,1.011691,2.869576,1.897040,-11.540777,-9.645964,-0.505017,-0.847730,0.162204,4.023307,1.247043,-0.366752
1482925543.103733,-2.340798,1.163369,-3.131279,1.790976,-10.183719,-10.626024,-0.284469,-0.918143,0.275842,3.327716,0.657995,-0.472508
1482925543.123020,-3.060976,1.228070,-2.546891,1.633951,-8.244428,-11.605349,-0.027062,-0.941842,0.334962,2.573087,0.432344,-0.455203
1482925543.142338,2.552321,1.141860,-1.977378,1.057310,-6.671273,-11.613969,0.231140,-0.909409,0.345759,2.005064,0.494224,-0.113837
1482925543.161656,2.170883,0.973647,-1.686671,1.293164,-6.746241,-11.253551,0.464048,-0.826942,0.317531,1.560341,0.469356,0.224597
1482925543.180943,1.969723,0.763546,-1.601316,3.586792,-6.623782,-10.399702,0.665665,-0.691487,0.280597,0.869174,0.485686,0.238366
1482925543.200260,1.883289,0.568448,-1.635507,5.166932,-4.988098,-8.081959,0.801924,-0.538325,0.259084,0.282181,0.250101,0.106239
1482925543.219578,1.831286,0.422571,-1.699553,4.782402,-3.781008,-5.368688,0.881268,-0.410107,0.234899,-0.064110,0.226976,0.166954
1482925543.238865,1.797176,0.325398,-1.772729,4.645082,-2.908720,-3.353293,0.923347,-0.319686,0.212672,-0.267082,0.077370,0.166529
1482925543.258183,1.765876,0.265322,-1.861457,5.156265,-2.869922,-1.438269,0.946704,-0.262220,0.187062,-0.327700,-0.162806,-0.147273
1482925543.277500,1.739781,0.232466,-1.959622,4.920429,-2.547978,-0.595302,0.959240,-0.230378,0.163658,-0.401670,-0.412751,-0.139627
1482925543.296788,1.679977,0.216143,-2.012759,0.938950,-4.688844,-0.380656,0.970916,-0.214464,0.106428,-0.232219,-1.064497,0.128674
1482925543.316105,1.535751,0.220442,-1.984599,-2.421503,-8.451167,0.588811,0.975201,-0.218661,-0.034190,0.277008,-0.864449,-0.301117
1482925543.335423,1.369248,0.233422,-1.913130,-4.242275,-7.002433,1.673941,0.953187,-0.231308,-0.194758,0.475739,0.292256,-1.415401
1482925543.354710,1.222653,0.253580,-1.793284,-6.442850,-5.728547,2.979358,0.909946,-0.250871,-0.330243,0.664304,0.611889,-1.594604
1482925543.374028,1.082334,0.251107,-1.629855,-8.032113,-4.747081,3.398120,0.855361,-0.248476,-0.454551,0.574211,0.952320,-1.012957
1482925543.393345,0.960168,0.230477,-1.469642,-6.793723,-4.157702,3.146360,0.797623,-0.228442,-0.558221,0.514107,1.001589,-0.581140
1482925543.412632,0.861861,0.210081,-1.345897,-4.834857,-3.343424,2.883346,0.742367,-0.208539,-0.636713,0.304466,0.759621,-0.384515
1482925543.431950,0.792764,0.199975,-1.251716,-3.387871,-2.123220,2.861862,0.698101,-0.198644,-0.687892,0.147261,0.553536,-0.242663
1482925543.451268,0.751788,0.196582,-1.169653,-2.965683,-0.800260,2.901893,0.669793,-0.195318,-0.716400,-0.060305,0.511893,-0.082620
1482925543.470555,0.735375,0.194039,-1.090390,-2.652627,0.306011,2.858053,0.658276,-0.192824,-0.727662,-0.254341,0.498105,0.043333
1482925543.489872,0.735367,0.197189,-1.020292,-2.039414,0.933031,2.730527,0.657859,-0.195914,-0.727213,-0.381698,0.499760,-0.026109
1482925543.509190,0.751455,0.208018,-0.957009,-1.604861,1.873248,2.762116,0.667985,-0.206521,-0.714944,-0.503315,0.605766,-0.270103
1482925543.528508,0.789833,0.229708,-0.899649,-0.897617,3.162451,2.926709,0.691580,-0.227693,-0.685473,-0.592350,0.664690,-0.552660
1482925543.547795,0.855305,0.269391,-0.854707,0.180164,4.424984,3.081132,0.727549,-0.266144,-0.632329,-0.530261,0.799708,-0.924492
1482925543.567112,0.940022,0.321923,-0.824043,0.657312,4.959918,2.989138,0.766085,-0.316391,-0.559473,-0.355634,0.847417,-1.243114
1482925543.586430,1.029190,0.373486,-0.805750,0.732817,4.880560,2.544147,0.797809,-0.364863,-0.479974,-0.248070,0.831013,-1.389550
1482925543.605717,1.116522,0.421248,-0.792413,0.499177,4.776311,2.503088,0.820025,-0.408900,-0.400449,-0.033246,1.001845,-1.648330
1482925543.625035,1.203330,0.470055,-0.778946,0.383173,4.724887,2.639186,0.832024,-0.452935,-0.320289,0.097413,1.087970,-1.892288
1482925543.644352,1.293976,0.521059,-0.770196,0.496124,5.113631,2.612607,0.834274,-0.497799,-0.237029,0.074028,1.128377,-1.793279
1482925543.663639,1.398361,0.572750,-0.768360,0.573611,5.669660,2.675620,0.827950,-0.541945,-0.144200,0.145582,1.289244,-1.673273
1482925543.682957,1.525330,0.627882,-0.781526,1.121497,6.548966,2.848258,0.808437,-0.587432,-0.036782,0.372030,1.368953,-1.771610
1482925543.702275,1.695061,0.683457,-0.826696,2.028575,7.786117,3.052315,0.769415,-0.631478,0.096106,0.561204,1.381557,-1.616306
1482925543.721562,1.896521,0.732776,-0.896201,2.003065,8.138999,3.025249,0.704236,-0.668936,0.237859,0.741327,1.205105,-1.251581
1482925543.740879,2.097068,0.769369,-0.965211,1.312446,7.743360,2.677886,0.621147,-0.695682,0.360837,1.091692,1.113945,-0.951196
1482925543.760197,2.278985,0.799082,-1.023779,0.634662,7.020221,2.410163,0.529677,-0.716716,0.453607,1.524229,1.314301,-0.790171
1482925543.779484,2.453608,0.823699,-1.078284,0.424566,7.114663,2.227875,0.431478,-0.733664,0.524942,1.812111,1.432969,-0.787855
1482925543.798802,2.643493,0.840100,-1.141453,0.607570,7.553460,2.345037,0.318849,-0.744710,0.586295,1.978179,1.448950,-0.799994
1482925543.818119,2.843186,0.845076,-1.209569,0.572052,7.801403,2.209310,0.195118,-0.748022,0.634344,1.989763,1.381789,-0.654365
1482925543.837406,3.042749,0.854310,-1.274503,-0.493924,7.682972,2.302799,0.064809,-0.754118,0.653533,2.033149,1.149814,-0.160643
1482925543.856724,-3.060786,0.878660,-1.334940,-1.566924,6.414548,1.789757,-0.051514,-0.769884,0.636101,2.180543,0.792235,0.226441
1482925543.876042,-2.899734,0.913705,-1.395555,-2.411967,5.750792,1.754155,-0.146295,-0.791772,0.593038,2.495895,0.998423,0.106264
1482925543.895329,-2.698320,0.940449,-1.493613,-2.162432,6.877066,2.799437,-0.252804,-0.807823,0.532459,2.686666,1.370309,-0.215265
1482925543.914646,-2.454625,0.936886,-1.613173,-1.610322,7.980343,3.345247,-0.375634,-0.805718,0.457950,2.713241,1.451631,-0.237557
1482925543.933964,-2.205353,0.907563,-1.724793,-1.434039,8.257461,3.442593,-0.495819,-0.788006,0.364980,2.649345,1.345886,0.190017
1482925543.953251,-1.983601,0.870056,-1.811407,-1.476871,8.084851,2.946028,-0.590622,-0.764365,0.258675,2.815269,1.369313,0.275897
1482925543.972564,-1.771564,0.824256,-1.864479,-0.643152,9.415714,2.688422,-0.665462,-0.734043,0.135428,2.947434,1.296309,0.127438
1482925543.991881,-1.573525,0.774565,-1.874940,0.419861,9.888669,2.495489,-0.714723,-0.699405,0.001950,2.937747,0.745908,0.278791
1482925544.011169,-1.418245,0.740872,-1.842867,1.286416,8.496069,1.198637,-0.729311,-0.674932,-0.112129,2.698181,0.228474,0.585371
1482925544.030486,-1.292936,0.731312,-1.818551,0.496995,6.698114,0.533385,-0.715751,-0.667847,-0.204160,2.652147,-0.069630,0.289369
1482925544.049804,-1.170350,0.709232,-1.839064,-2.536548,5.116290,0.857343,-0.698827,-0.651251,-0.295827,2.459131,-0.479055,-0.339044
1482925544.069091,-0.992672,0.633121,-1.958110,-8.256003,5.845246,1.338521,-0.675171,-0.591664,-0.440543,1.786449,-1.042248,-0.636631
1482925544.088409,-0.809566,0.485304,-2.111730,-10.767453,3.865034,1.731753,-0.640391,-0.466477,-0.610162,1.627141,-1.033803,-0.041501
1482925544.107726,-0.738188,0.326264,-2.259571,-10.184883,-0.776386,-0.082884,-0.637448,-0.320507,-0.700668,1.668768,-0.372935,0.074095
1482925544.127044,-0.725257,0.209423,-2.402387,-8.834584,-1.381637,-2.049514,-0.648835,-0.207895,-0.731979,1.535395,-0.011890,-0.189520
1482925544.146331,-0.744351,0.124727,-2.565114,-8.822729,-3.205979,-4.094805,-0.672231,-0.124404,-0.729814,1.689966,-0.033392,0.037563
1482925544.165649,-0.813628,0.071774,-2.761303,-9.103315,-5.328064,-5.903774,-0.724913,-0.071712,-0.685097,1.837935,-0.099332,0.310159
1482925544.184966,-0.930164,0.058650,-2.972101,-8.379740,-7.531321,-6.866741,-0.800339,-0.058617,-0.596675,1.806366,0.167326,0.644182
1482925544.204253,-1.073774,0.103766,3.115475,-6.468249,-8.391877,-7.677709,-0.874278,-0.103580,-0.474246,1.607191,0.570358,0.552506
1482925544.223571,-1.208399,0.196114,2.961682,-4.474113,-7.825130,-7.577742,-0.917126,-0.194859,-0.347721,1.781129,0.789016,-0.087665
1482925544.242889,-1.326461,0.311673,2.852375,-2.784178,-7.580465,-7.308906,-0.923551,-0.306651,-0.230257,2.337698,0.745494,-0.356411
1482925544.262176,-1.466840,0.442699,2.790385,-0.958417,-8.842538,-7.174229,-0.898721,-0.428380,-0.093766,2.581518,1.001447,-0.061442
1482925544.281493,-1.643438,0.569731,2.802667,1.564490,-8.743973,-6.106521,-0.839826,-0.539405,0.061114,2.908549,1.179293,-0.350206
1482925544.300811,-1.868446,0.676530,2.888026,2.948815,-9.335666,-6.327488,-0.745463,-0.626091,0.228680,3.141455,0.682750,-0.640355
1482925544.320098,-2.138248,0.775623,3.016358,1.840298,-9.553892,-7.192922,-0.602085,-0.700161,0.383756,2.871545,-0.039844,-0.758047
1482925544.339416,-2.427121,0.881845,-3.109551,-0.311852,-8.585171,-7.720444,-0.416541,-0.771913,0.480254,2.304493,-0.089921,-0.746589
1482925544.358733,-2.736363,0.980733,-2.917016,-1.404062,-7.659780,-7.895716,-0.219355,-0.830905,0.511351,1.877175,0.277698,-0.765006
1482925544.378020,-3.106259,1.029185,-2.646620,-0.322841,-7.037356,-7.756654,-0.018211,-0.856879,0.515196,1.655869,0.609315,-0.940639
1482925544.397338,2.819758,1.003991,-2.377941,0.521875,-6.388780,-7.281198,0.169838,-0.843620,0.509372,1.611224,0.611274,-1.094998
1482925544.416656,2.520146,0.936841,-2.159070,-0.171725,-6.161262,-7.297378,0.344865,-0.805691,0.481591,1.515856,0.330690,-0.972474
1482925544.435943,2.247933,0.849792,-1.974749,-1.233978,-6.935002,-7.445171,0.514492,-0.751143,0.413619,1.177327,0.178165,-0.827583
1482925544.455260,2.015798,0.750269,-1.843342,-1.085126,-7.114457,-6.476437,0.660264,-0.681835,0.314883,0.987197,0.354699,-0.930890
1482925544.474578,1.851046,0.646975,-1.784787,0.117579,-5.999352,-5.459281,0.766782,-0.602775,0.220699,0.823095,0.194057,-1.406762
1482925544.493865,1.740959,0.555902,-1.758422,-0.433396,-4.418763,-4.508444,0.837157,-0.527710,0.143844,0.432788,-0.058259,-1.353908
1482925544.513183,1.638160,0.476784,-1.712563,-2.190598,-4.171189,-4.296940,0.886460,-0.458924,0.059805,0.110430,-0.192880,-0.716964
1482925544.532500,1.520973,0.392251,-1.652222,-2.890977,-5.069603,-4.397759,0.922904,-0.382270,-0.046021,-0.252611,-0.006200,-0.228341
1482925544.551787,1.431763,0.309887,-1.628733,-0.290856,-3.103656,-4.082867,0.943178,-0.304951,-0.131985,-0.386588,0.126023,-1.094026
1482925544.571105,1.407087,0.246626,-1.672537,2.753533,-1.641386,-3.366749,0.956776,-0.244133,-0.158047,-0.044892,0.144560,-1.508188
1482925544.590423,1.390196,0.195311,-1.758592,4.074062,-1.867520,-3.199873,0.965033,-0.194072,-0.176205,-0.078938,0.091496,-1.100285
1482925544.609710,1.368081,0.157289,-1.837785,3.150174,-1.915928,-2.547177,0.967432,-0.156641,-0.198844,-0.229122,0.048104,-0.511075
1482925544.629027,1.338771,0.120519,-1.901167,2.827028,-1.888246,-2.658381,0.966144,-0.120227,-0.228281,-0.254657,-0.145492,-0.361628
1482925544.648345,1.318687,0.077818,-1.973597,3.066069,-1.201751,-3.181331,0.965458,-0.077740,-0.248693,-0.257398,-0.546821,-0.602979
1482925544.667663,1.308054,0.029864,-2.035010,1.977669,-0.383074,-3.133525,0.965251,-0.029859,-0.259614,-0.351821,-0.811145,-0.693606
1482925544.686950,1.311429,-0.014301,-2.076989,1.416776,0.432418,-2.535087,0.966454,0.014301,-0.256443,-0.448194,-0.729622,-0.617746
1482925544.706267,1.317549,-0.049330,-2.112187,1.161788,0.270407,-2.089430,0.966926,0.049310,-0.250245,-0.481936,-0.584051,-0.352985
1482925544.725585,1.320235,-0.083542,-2.137011,0.666061,0.243324,-2.036564,0.965395,0.083444,-0.247083,-0.554770,-0.717733,-0.331657
1482925544.744872,1.324330,-0.119354,-2.163268,1.014618,0.485448,-2.198513,0.962881,0.119071,-0.242243,-0.531580,-0.736141,-0.515673
1482925544.764190,1.333064,-0.153262,-2.191822,0.910699,0.682727,-1.969441,0.960483,0.152663,-0.232739,-0.503017,-0.740364,-0.563207
1482925544.783507,1.340616,-0.186006,-2.211418,0.409946,0.455244,-1.797325,0.956831,0.184936,-0.224217,-0.472013,-0.840430,-0.513322
1482925544.802795,1.345261,-0.214784,-2.221457,0.035115,0.327790,-1.423769,0.952279,0.213136,-0.218489,-0.477178,-0.813107,-0.474448
1482925544.822112,1.351713,-0.237765,-2.226423,-0.003861,0.433614,-1.138472,0.948636,0.235531,-0.211221,-0.521160,-0.871399,-0.520280
1482925544.841430,1.359928,-0.256508,-2.234164,0.307241,0.564321,-0.953451,0.945856,0.253705,-0.202461,-0.540960,-1.001374,-0.604069
1482925544.860717,1.366749,-0.268401,-2.246912,0.580202,0.402062,-0.595949,0.944193,0.265190,-0.195380,-0.477197,-1.088957,-0.601260
1482925544.880035,1.366328,-0.274547,-2.253383,-0.064526,-0.096231,-0.212709,0.942497,0.271111,-0.195442,-0.437882,-1.223326,-0.573436
1482925544.899352,1.362806,-0.276628,-2.246865,-0.327700,-0.345918,0.024672,0.941249,0.273113,-0.198643,-0.487316,-1.127953,-0.649265
1482925544.918639,1.356599,-0.275042,-2.246151,0.170705,-0.282483,0.110373,0.940420,0.271587,-0.204574,-0.570712,-0.925643,-0.715759
1482925544.937957,1.351311,-0.271559,-2.253311,0.467243,-0.138433,0.077787,0.940242,0.268234,-0.209749,-0.641284,-0.841867,-0.664186
1482925544.957275,1.347433,-0.268679,-2.260447,0.252549,-0.083675,0.059110,0.940171,0.265458,-0.213563,-0.682298,-0.803177,-0.523251
1482925544.976560,1.346383,-0.268632,-2.259583,-0.208105,-0.057262,-0.030681,0.939959,0.265413,-0.214553,-0.689810,-0.835850,-0.430142
1482925544.995877,1.347249,-0.271285,-2.254014,-0.288790,-0.023559,-0.086614,0.939454,0.267969,-0.213582,-0.668284,-0.813214,-0.419007
1482925545.015195,1.347560,-0.273505,-2.250244,-0.189613,-0.041390,-0.051585,0.938938,0.270108,-0.213158,-0.652030,-0.788821,-0.457325
1482925545.034482,1.348076,-0.275039,-2.245471,-0.291663,-0.048416,-0.009073,0.938643,0.271585,-0.212581,-0.649793,-0.816851,-0.508774
1482925545.053800,1.348673,-0.276035,-2.238085,-0.415815,-0.094414,0.059368,0.938505,0.272543,-0.211961,-0.652067,-0.840399,-0.583766
1482925545.073117,1.348934,-0.275942,-2.229753,-0.342488,-0.119523,0.111516,0.938585,0.272453,-0.211722,-0.670685,-0.879847,-0.671615
1482925545.092404,1.346258,-0.274192,-2.225562,-0.119090,-0.254121,0.150439,0.938479,0.270769,-0.214339,-0.694053,-0.889710,-0.724997
1482925545.111722,1.341192,-0.270995,-2.222524,-0.113094,-0.330926,0.209952,0.938219,0.267690,-0.219286,-0.725657,-0.892099,-0.712248
1482925545.131040,1.335004,-0.267341,-2.219815,-0.068840,-0.361588,0.210384,0.937789,0.264168,-0.225314,-0.752397,-0.869515,-0.648350
1482925545.150327,1.329399,-0.264000,-2.218294,0.005926,-0.264787,0.168361,0.937363,0.260944,-0.230777,-0.776409,-0.843992,-0.585190
1482925545.169644,1.324118,-0.261410,-2.219985,0.127881,-0.242483,0.073038,0.936783,0.258443,-0.235888,-0.766781,-0.811048,-0.512852
1482925545.188962,1.320748,-0.261868,-2.218398,-0.222294,-0.169459,-0.053356,0.935868,0.258885,-0.239015,-0.766189,-0.822430,-0.447765
1482925545.208280,1.319311,-0.265038,-2.213125,-0.303095,-0.131951,-0.094566,0.934724,0.261945,-0.240154,-0.742883,-0.822030,-0.451367
1482925545.227567,1.318219,-0.267900,-2.207825,-0.291116,-0.126619,-0.055218,0.933732,0.264707,-0.240986,-0.731615,-0.869450,-0.521569
1482925545.246884,1.317382,-0.269581,-2.203039,-0.195780,-0.114651,-0.008137,0.933098,0.266327,-0.241655,-0.736680,-0.930455,-0.626807
1482925545.266202,1.315307,-0.270206,-2.201359,-0.033766,-0.136810,-0.018187,0.932433,0.266930,-0.243549,-0.759075,-0.903774,-0.664413
1482925545.285489,1.312433,-0.270783,-2.201410,-0.000538,-0.144279,-0.031479,0.931580,0.267486,-0.246188,-0.779163,-0.868336,-0.627664
1482925545.304807,1.310412,-0.271114,-2.201803,0.035874,-0.083560,-0.003443,0.930995,0.267805,-0.248048,-0.788928,-0.824451,-0.572144
1482925545.324124,1.308939,-0.270456,-2.202086,-0.002539,-0.064498,0.047822,0.930799,0.267171,-0.249465,-0.800892,-0.825824,-0.513771
1482925545.343411,1.308296,-0.269720,-2.201141,-0.039419,-0.031411,0.043727,0.930828,0.266462,-0.250114,-0.801666,-0.844183,-0.489654
1482925545.362729,1.308153,-0.269368,-2.200340,-0.034410,-0.018203,0.020329,0.930883,0.266122,-0.250271,-0.785756,-0.855297,-0.506839
1482925545.382047,1.308142,-0.269244,-2.199866,-0.000083,-0.002140,0.015479,0.930912,0.266002,-0.250291,-0.760696,-0.875973,-0.552245
1482925545.401334,1.308050,-0.269090,-2.199715,-0.026967,-0.009706,0.004334,0.930928,0.265855,-0.250387,-0.744497,-0.874992,-0.571671
1482925545.420651,1.308383,-0.269291,-2.198224,-0.074908,0.011183,0.010090,0.930960,0.266048,-0.250063,-0.745040,-0.846668,-0.575352
1482925545.439969,1.309039,-0.269622,-2.197795,-0.004931,0.035785,-0.010608,0.931039,0.266367,-0.249429,-0.751379,-0.820322,-0.570569
1482925545.459256,1.309909,-0.269498,-2.198284,0.041539,0.050653,0.000603,0.931288,0.266247,-0.248627,-0.747844,-0.814255,-0.561021
1482925545.478574,1.310268,-0.269100,-2.199507,0.069822,0.028581,0.000894,0.931479,0.265864,-0.248321,-0.743198,-0.834085,-0.550045
1482925545.497891,1.310899,-0.268921,-2.200719,0.112601,0.107188,-0.016606,0.931682,0.265692,-0.247745,-0.759093,-0.873649,-0.551716
1482925545.517179,1.309739,-0.270532,-2.212841,0.578376,0.059512,-0.140380,0.930979,0.267244,-0.248715,-0.747622,-0.834953,-0.502578
1482925545.536496,1.309213,-0.271234,-2.220281,0.231952,0.073538,-0.059976,0.930666,0.267920,-0.249155,-0.761455,-0.830935,-0.491522
1482925545.555814,1.309777,-0.270916,-2.222800,0.095420,0.059497,0.009419,0.930889,0.267614,-0.248652,-0.757388,-0.867893,-0.524408
1482925545.575101,1.311049,-0.270763,-2.222301,-0.089777,0.062816,0.007210,0.931244,0.267467,-0.247479,-0.755463,-0.921373,-0.567505
1482925545.594419,1.313637,-0.270511,-2.216067,-0.478633,0.036741,0.222776,0.931947,0.267224,-0.245085,-0.763017,-0.911861,-0.609768
1482925545.613736,1.316572,-0.268485,-2.207467,-0.099907,0.039065,0.069956,0.933184,0.265271,-0.242485,-0.739017,-0.827315,-0.620657
1482925545.633023,1.316534,-0.267751,-2.208901,0.056259,0.015206,0.018114,0.933363,0.264563,-0.242569,-0.745774,-0.837520,-0.529592
